austenitizing_temp_C,section_thickness_mm,quench_medium,tempering_temp_C,tempering_time_hr,hardness_HRC,UTS_MPa,YS_MPa,elongation_pct,reduction_of_area_pct,source
845.0,25.0,oil,815.0,1.0,13.0,655.0,415.0,25.7,56.9,literature_anchor_annealed
845.0,25.0,oil,316.0,1.0,47.0,1551.0,1372.6,12.0,42.0,literature_anchor
845.0,25.0,oil,538.0,1.0,26.0,896.0,672.0,18.0,55.0,literature_anchor
851.7,50.0,oil,384.7,4.0,38.8,1212.1,1004.6,17.1,44.3,physics_model
834.4,100.0,air,401.7,4.0,37.4,1177.4,952.6,19.3,44.9,physics_model
871.9,100.0,oil,624.8,1.0,20.2,805.9,526.0,23.4,52.6,physics_model
871.3,50.0,water,252.0,1.0,51.3,1720.0,1501.2,11.7,31.3,physics_model
863.0,25.0,water,566.2,2.0,23.4,822.7,567.7,23.1,52.8,physics_model
844.9,100.0,oil,235.8,4.0,50.6,1736.1,1530.0,12.2,29.5,physics_model
869.6,25.0,water,217.3,0.5,53.3,1822.7,1602.7,10.8,27.1,physics_model
869.6,75.0,water,337.1,0.5,46.1,1481.5,1211.4,14.9,34.6,physics_model
870.8,13.0,oil,278.8,1.0,48.6,1636.8,1336.1,11.4,29.7,physics_model
845.8,150.0,oil,551.7,4.0,22.7,850.4,559.6,23.7,51.0,physics_model
833.8,50.0,oil,578.1,2.0,21.9,780.2,564.0,23.4,54.6,physics_model
835.6,75.0,oil,547.2,1.0,24.6,913.9,642.4,23.8,56.0,physics_model
866.7,25.0,oil,400.5,1.0,40.1,1254.3,959.5,16.8,42.6,physics_model
840.0,50.0,air,264.8,2.0,40.6,1314.1,1024.7,16.8,39.5,physics_model
846.6,100.0,oil,337.7,2.0,45.2,1409.9,1188.9,17.0,37.5,physics_model
853.9,150.0,oil,264.2,2.0,50.3,1614.2,1478.1,11.6,32.8,physics_model
854.0,75.0,air,277.3,0.5,40.6,1247.3,998.9,17.5,44.2,physics_model
840.1,150.0,oil,206.0,4.0,50.7,1803.6,1560.5,12.1,29.3,physics_model
868.5,25.0,water,608.1,0.5,21.7,850.0,539.6,22.9,55.7,physics_model
848.6,75.0,oil,277.8,0.5,48.9,1699.1,1345.2,12.1,29.7,physics_model
846.2,25.0,water,232.8,2.0,53.0,1707.3,1505.1,11.9,30.1,physics_model
851.7,25.0,oil,475.8,2.0,31.7,969.5,748.5,21.8,55.0,physics_model
836.2,150.0,oil,487.1,4.0,28.2,980.9,673.4,21.4,45.0,physics_model
861.5,75.0,oil,324.2,1.0,48.3,1558.3,1269.6,12.8,32.7,physics_model
841.0,25.0,water,637.4,0.5,20.0,773.5,536.9,27.2,52.1,physics_model
868.7,150.0,oil,457.7,0.5,35.2,1116.2,859.8,20.1,44.5,physics_model
849.6,100.0,oil,657.3,2.0,18.3,731.7,501.6,25.0,61.6,physics_model
868.2,50.0,oil,622.6,2.0,19.7,797.6,523.2,25.5,50.3,physics_model
853.5,100.0,oil,357.1,2.0,42.3,1264.1,1115.4,16.5,39.6,physics_model
844.7,50.0,oil,354.2,1.0,45.0,1397.7,1167.8,14.7,37.2,physics_model
859.9,150.0,oil,417.1,2.0,36.1,1191.8,947.8,18.8,44.5,physics_model
868.4,75.0,water,477.6,0.5,33.3,1065.5,777.4,20.0,50.8,physics_model
871.8,100.0,oil,532.6,2.0,25.5,888.5,651.6,24.1,46.2,physics_model
861.2,100.0,oil,312.6,2.0,47.3,1540.4,1209.5,15.5,35.7,physics_model
870.7,100.0,oil,536.6,4.0,24.1,860.1,581.3,23.4,52.5,physics_model
829.8,150.0,oil,250.3,2.0,52.1,1649.3,1486.5,12.4,30.5,physics_model
831.8,100.0,oil,325.8,4.0,45.7,1350.4,1265.0,14.9,37.3,physics_model
859.2,100.0,oil,338.8,1.0,45.2,1481.4,1233.2,13.7,32.2,physics_model
861.3,25.0,oil,506.0,4.0,26.1,910.8,669.4,23.2,52.8,physics_model
851.1,13.0,oil,205.9,4.0,51.2,1758.1,1561.2,11.2,25.5,physics_model
871.4,25.0,oil,507.6,4.0,27.1,909.2,673.7,24.8,51.4,physics_model
851.4,75.0,oil,578.2,2.0,22.1,806.7,578.2,26.7,50.2,physics_model
828.2,75.0,water,413.0,2.0,37.3,1167.6,916.9,17.7,42.5,physics_model
840.3,75.0,oil,308.8,4.0,46.4,1428.0,1306.6,14.2,37.6,physics_model
849.6,75.0,oil,262.8,0.5,51.0,1711.9,1546.3,11.0,30.6,physics_model
869.6,50.0,oil,638.9,2.0,18.2,748.5,502.0,27.9,58.5,physics_model
845.8,75.0,oil,473.9,2.0,32.3,997.2,779.3,20.0,48.8,physics_model
870.9,75.0,water,250.0,4.0,50.9,1661.1,1412.7,12.4,29.7,physics_model
863.2,150.0,oil,458.0,1.0,32.6,1118.4,777.7,20.0,42.1,physics_model
843.6,50.0,oil,504.2,0.5,30.5,978.0,801.0,22.2,47.7,physics_model
834.6,100.0,oil,353.3,0.5,46.3,1460.8,1236.0,14.5,38.5,physics_model
871.4,75.0,air,504.7,0.5,31.2,979.6,774.7,21.8,49.7,physics_model
868.7,13.0,air,638.4,0.5,19.8,796.1,519.7,26.3,48.2,physics_model
841.4,25.0,oil,461.0,2.0,32.5,1039.2,792.9,19.7,49.5,physics_model
863.4,75.0,oil,655.8,4.0,17.0,723.4,504.1,26.4,55.5,physics_model
859.2,50.0,oil,458.7,0.5,35.6,1091.2,870.8,18.2,48.9,physics_model
871.9,75.0,air,266.4,1.0,41.1,1230.8,998.8,16.9,39.9,physics_model
866.9,50.0,oil,232.5,4.0,51.7,1681.8,1468.4,11.9,31.0,physics_model
828.2,50.0,oil,626.3,2.0,19.2,777.8,501.2,22.9,57.2,physics_model
870.5,25.0,water,400.1,0.5,41.7,1276.0,1068.5,16.7,40.0,physics_model
841.4,25.0,oil,563.8,4.0,21.5,768.8,557.0,23.8,53.4,physics_model
859.4,13.0,water,403.0,4.0,35.6,1191.9,919.8,18.8,45.4,physics_model
831.7,50.0,oil,354.2,0.5,44.9,1395.4,1229.5,15.5,35.3,physics_model
864.7,50.0,air,640.2,4.0,18.0,741.3,495.8,22.6,51.2,physics_model
841.0,75.0,oil,488.8,2.0,29.5,931.8,735.4,22.4,55.7,physics_model
841.1,100.0,oil,598.0,1.0,22.2,796.1,547.5,23.6,56.3,physics_model
846.8,75.0,oil,622.2,1.0,19.7,729.3,515.2,23.5,48.4,physics_model
870.1,50.0,oil,217.7,0.5,53.5,1786.8,1646.0,9.8,26.6,physics_model
849.7,50.0,oil,327.2,0.5,47.5,1529.8,1288.9,13.0,31.9,physics_model
851.4,100.0,oil,308.5,1.0,48.3,1487.3,1284.9,14.9,34.4,physics_model
849.8,13.0,water,277.3,0.5,51.0,1658.8,1464.8,12.2,32.2,physics_model
835.5,13.0,oil,235.5,2.0,52.0,1630.0,1520.8,12.0,32.2,physics_model
871.4,100.0,oil,309.7,4.0,46.7,1582.7,1334.7,15.5,34.0,physics_model
850.4,100.0,oil,428.9,1.0,36.2,1198.0,931.2,17.1,44.5,physics_model
833.5,75.0,oil,503.0,2.0,28.9,941.1,652.7,22.4,50.4,physics_model
853.5,75.0,water,235.2,4.0,51.6,1652.1,1486.6,11.1,28.1,physics_model
846.3,75.0,oil,218.4,2.0,52.7,1817.4,1559.4,10.3,27.0,physics_model
860.9,100.0,oil,327.9,4.0,44.6,1416.7,1199.8,15.2,36.2,physics_model
843.4,50.0,water,506.1,1.0,28.2,968.2,676.5,21.5,53.6,physics_model
845.9,50.0,water,505.1,1.0,28.3,997.5,640.6,22.6,53.9,physics_model
843.1,100.0,air,656.3,1.0,18.8,755.5,508.2,25.6,64.3,physics_model
845.4,50.0,air,428.2,1.0,36.9,1178.9,931.6,19.1,45.0,physics_model
831.8,50.0,oil,296.5,0.5,48.6,1623.1,1361.8,13.4,30.2,physics_model
829.0,50.0,oil,207.8,1.0,52.7,1793.2,1482.6,9.2,27.8,physics_model
841.5,100.0,air,252.9,4.0,39.8,1241.1,997.0,17.8,43.8,physics_model
846.4,13.0,oil,383.0,2.0,39.4,1284.3,1021.7,18.6,39.9,physics_model
859.5,25.0,oil,251.6,4.0,48.9,1744.7,1415.9,13.7,30.7,physics_model
846.4,25.0,oil,504.7,1.0,29.3,945.3,732.1,23.6,53.5,physics_model
859.0,25.0,oil,222.3,4.0,52.2,1707.8,1519.5,12.4,29.0,physics_model
863.5,50.0,oil,279.9,4.0,48.2,1665.5,1375.2,13.7,31.3,physics_model
863.5,13.0,air,205.6,1.0,38.6,1363.0,1078.2,16.7,41.1,physics_model
836.0,100.0,oil,597.5,0.5,23.6,798.4,559.6,26.0,52.3,physics_model
831.2,100.0,oil,294.6,4.0,46.4,1536.3,1308.8,12.7,33.9,physics_model
843.5,50.0,oil,564.4,2.0,22.7,848.6,559.4,22.4,56.4,physics_model
854.9,75.0,air,443.1,1.0,35.3,1156.4,886.7,20.5,42.3,physics_model
862.0,100.0,oil,548.8,2.0,24.2,892.6,638.7,25.5,52.6,physics_model
835.0,100.0,air,355.9,1.0,40.5,1258.2,1021.6,18.2,41.2,physics_model
866.1,25.0,water,551.0,0.5,26.2,898.4,636.2,22.6,53.3,physics_model
868.8,150.0,oil,447.7,2.0,34.2,1012.0,826.9,20.4,49.3,physics_model
850.7,50.0,oil,447.3,1.0,34.0,1152.1,845.8,20.9,47.4,physics_model
865.0,75.0,oil,578.5,1.0,22.3,819.6,590.6,22.6,54.7,physics_model
871.1,100.0,oil,488.4,1.0,30.4,1006.2,756.5,21.7,50.0,physics_model
841.3,25.0,water,457.0,0.5,34.8,1089.8,883.7,21.5,45.5,physics_model
854.6,13.0,air,322.9,0.5,41.2,1367.7,1172.3,16.5,43.4,physics_model
871.2,13.0,oil,416.0,4.0,35.1,1096.0,840.0,20.3,44.6,physics_model
840.7,75.0,water,208.0,4.0,53.8,1764.6,1649.4,11.1,29.8,physics_model
839.7,50.0,oil,369.1,2.0,42.1,1358.0,1031.2,16.1,42.7,physics_model
841.2,100.0,oil,292.9,4.0,46.3,1550.7,1368.9,13.5,34.8,physics_model
848.0,13.0,oil,592.2,4.0,19.3,776.9,564.5,24.5,54.1,physics_model
859.5,50.0,oil,491.5,0.5,32.1,1050.1,785.0,20.7,50.7,physics_model
832.0,50.0,oil,654.7,2.0,17.4,751.8,497.6,27.3,48.9,physics_model
855.6,25.0,oil,310.4,2.0,46.3,1481.5,1398.9,15.7,34.2,physics_model
869.9,75.0,oil,326.5,1.0,46.5,1427.9,1231.9,14.6,36.1,physics_model
835.3,25.0,water,592.0,0.5,22.9,799.8,574.3,24.4,55.1,physics_model
829.9,50.0,air,413.3,0.5,38.5,1332.9,964.2,16.9,45.1,physics_model
844.7,25.0,oil,237.2,0.5,52.6,1723.5,1514.0,10.3,31.9,physics_model
868.8,75.0,water,217.6,4.0,53.4,1675.8,1442.5,9.5,27.2,physics_model
871.3,100.0,oil,262.3,4.0,50.0,1662.9,1452.1,12.1,32.7,physics_model
871.9,25.0,oil,447.8,1.0,35.0,1120.3,870.8,19.0,46.0,physics_model
833.4,25.0,water,204.2,2.0,51.1,1762.1,1646.7,10.5,27.2,physics_model
859.3,50.0,oil,654.8,2.0,17.9,756.1,484.9,24.2,57.9,physics_model
848.7,13.0,water,653.3,1.0,18.8,749.3,506.9,24.8,53.1,physics_model
835.7,75.0,oil,504.4,4.0,27.5,920.6,641.0,22.9,49.8,physics_model
868.1,75.0,water,265.0,4.0,49.3,1668.7,1410.7,12.8,29.9,physics_model
870.3,50.0,oil,506.6,0.5,29.6,924.5,738.7,22.8,45.4,physics_model
865.4,25.0,water,457.6,1.0,32.9,1109.1,854.2,20.0,40.9,physics_model
869.5,50.0,oil,251.8,0.5,51.4,1693.6,1539.7,11.7,32.2,physics_model
869.9,75.0,water,461.0,0.5,34.7,1114.0,811.3,20.3,48.2,physics_model
868.6,25.0,oil,427.6,1.0,37.0,1210.7,933.2,19.5,48.4,physics_model
856.5,75.0,oil,369.6,1.0,42.7,1381.4,1097.5,15.4,43.7,physics_model
834.2,100.0,air,387.6,0.5,39.9,1236.5,1049.4,19.5,42.2,physics_model
830.3,150.0,oil,562.4,1.0,23.5,810.5,619.3,23.1,53.9,physics_model
836.5,13.0,water,447.9,4.0,32.5,1060.7,746.6,20.9,48.6,physics_model
846.6,75.0,air,399.9,2.0,39.3,1218.7,971.7,16.4,43.0,physics_model
861.1,13.0,oil,295.7,4.0,47.6,1513.0,1327.9,12.4,37.7,physics_model
846.7,75.0,air,217.3,0.5,40.6,1287.0,1027.7,16.8,42.4,physics_model
840.5,75.0,oil,430.7,4.0,35.5,1047.1,879.2,21.9,44.4,physics_model
846.8,50.0,oil,355.2,4.0,42.5,1357.5,1148.8,16.9,37.9,physics_model
865.9,25.0,oil,533.1,4.0,24.0,835.8,569.8,23.9,52.6,physics_model
839.9,150.0,oil,622.4,1.0,21.1,749.3,557.1,24.4,55.6,physics_model
831.6,50.0,oil,536.9,0.5,28.5,921.4,659.7,24.6,50.7,physics_model
859.4,75.0,water,567.8,2.0,22.0,807.4,584.5,25.4,53.7,physics_model
848.9,50.0,water,353.2,0.5,46.7,1445.5,1112.4,15.0,36.5,physics_model
828.6,150.0,oil,385.2,1.0,41.7,1316.9,1076.3,17.9,38.9,physics_model
863.6,50.0,oil,307.8,1.0,47.9,1530.2,1280.2,13.3,32.0,physics_model
856.3,100.0,oil,398.4,4.0,35.8,1248.1,956.8,18.5,44.8,physics_model
869.3,100.0,oil,369.6,0.5,42.8,1434.8,1073.9,14.3,38.6,physics_model
845.6,50.0,water,490.7,4.0,28.6,932.4,678.9,21.9,53.3,physics_model
859.9,13.0,oil,430.4,1.0,37.0,1205.3,878.1,21.5,42.3,physics_model
834.1,50.0,oil,489.1,4.0,27.7,919.8,700.1,22.9,46.6,physics_model
861.2,25.0,oil,622.8,4.0,18.2,741.2,487.7,23.6,53.7,physics_model
854.7,25.0,oil,521.7,1.0,27.4,937.4,672.1,20.6,47.7,physics_model
857.0,75.0,oil,295.1,0.5,46.8,1649.5,1365.4,12.7,29.6,physics_model
838.8,25.0,oil,402.2,1.0,39.5,1251.2,980.6,18.3,43.0,physics_model
843.8,50.0,oil,383.7,1.0,40.9,1324.9,1060.9,16.7,41.0,physics_model
833.5,25.0,air,428.3,1.0,36.7,1114.5,932.5,18.2,45.6,physics_model
843.8,100.0,air,492.1,4.0,27.3,980.7,689.4,23.9,47.6,physics_model
871.5,50.0,oil,656.9,2.0,17.7,693.9,507.6,22.9,55.9,physics_model
849.6,75.0,water,638.5,4.0,18.1,762.1,491.5,24.8,51.4,physics_model
850.9,150.0,air,264.1,4.0,39.9,1266.5,1083.9,19.0,40.2,physics_model
841.3,75.0,oil,416.3,0.5,38.6,1229.8,1040.9,17.3,43.6,physics_model
859.6,13.0,air,596.5,0.5,22.8,824.6,547.3,23.2,50.3,physics_model
844.0,100.0,oil,387.8,0.5,43.3,1320.6,1099.0,14.4,40.3,physics_model
835.6,50.0,oil,206.9,4.0,52.6,1649.5,1600.7,10.6,26.9,physics_model
859.3,150.0,oil,337.5,0.5,46.2,1434.6,1233.6,16.1,37.5,physics_model
840.1,75.0,water,384.1,1.0,40.7,1262.0,1060.7,16.2,40.7,physics_model
861.4,25.0,oil,642.1,2.0,18.1,743.8,510.7,24.3,58.0,physics_model
854.2,150.0,oil,310.3,1.0,46.3,1631.2,1426.4,12.9,34.2,physics_model
855.7,100.0,oil,549.5,1.0,24.8,842.1,638.5,22.0,59.7,physics_model
829.9,100.0,oil,237.6,2.0,52.2,1652.1,1521.5,10.6,31.8,physics_model
844.9,75.0,air,354.8,1.0,39.1,1338.0,987.4,17.7,43.1,physics_model
854.7,13.0,water,442.2,2.0,33.9,1088.2,837.9,19.5,45.4,physics_model
835.6,25.0,oil,323.4,4.0,43.0,1464.9,1205.9,15.2,38.6,physics_model
864.1,25.0,oil,520.5,1.0,26.4,948.8,696.8,23.2,50.2,physics_model
843.8,150.0,oil,503.8,4.0,27.1,935.0,692.2,21.6,50.8,physics_model
869.3,25.0,oil,235.0,2.0,50.9,1738.8,1503.2,12.3,28.2,physics_model
848.8,13.0,water,653.4,1.0,18.3,760.2,487.8,24.4,57.3,physics_model
839.1,75.0,oil,205.5,0.5,53.4,1769.8,1632.6,10.8,26.2,physics_model
858.3,50.0,water,487.1,4.0,28.7,940.9,707.5,21.8,51.0,physics_model
865.9,75.0,oil,640.0,4.0,18.1,765.6,528.9,27.3,51.2,physics_model
830.8,50.0,oil,355.9,1.0,44.6,1361.7,1172.8,14.3,39.0,physics_model
865.4,50.0,oil,278.3,0.5,49.6,1588.0,1470.6,11.8,29.4,physics_model
846.7,25.0,oil,342.7,4.0,42.3,1384.7,1145.5,15.6,39.4,physics_model
833.3,75.0,water,220.7,2.0,51.1,1725.9,1607.7,10.7,26.6,physics_model
861.4,100.0,oil,533.9,2.0,24.4,862.5,601.7,24.5,54.1,physics_model
861.8,50.0,water,252.2,0.5,50.2,1726.1,1455.6,10.8,28.3,physics_model
835.8,25.0,air,442.5,0.5,36.4,1144.0,885.8,18.2,48.9,physics_model
834.3,25.0,water,537.1,2.0,25.0,895.8,592.3,22.9,50.8,physics_model
858.6,50.0,oil,277.3,2.0,48.8,1631.9,1392.9,12.5,33.6,physics_model
838.1,25.0,oil,340.9,1.0,45.1,1368.9,1223.0,16.5,37.5,physics_model
859.5,100.0,oil,292.1,2.0,48.4,1587.2,1314.0,12.7,31.2,physics_model
863.1,150.0,oil,308.7,4.0,45.6,1508.2,1255.9,14.0,39.5,physics_model
845.2,50.0,oil,567.9,1.0,23.0,844.8,570.4,25.4,54.7,physics_model
834.9,150.0,oil,297.7,0.5,49.4,1623.6,1390.9,12.3,33.4,physics_model
861.9,75.0,oil,612.2,2.0,19.7,743.5,536.8,20.8,55.5,physics_model
868.7,150.0,oil,294.4,0.5,49.5,1660.6,1379.4,13.5,30.6,physics_model
849.4,50.0,water,414.2,1.0,37.2,1184.7,990.0,19.0,43.3,physics_model
860.0,13.0,oil,641.5,0.5,19.7,779.7,537.8,23.9,49.9,physics_model
847.0,100.0,oil,445.1,0.5,36.5,1151.7,901.3,20.4,44.6,physics_model
853.2,25.0,oil,548.6,0.5,25.1,903.0,617.6,22.9,51.8,physics_model
843.4,25.0,oil,311.5,0.5,47.4,1625.6,1386.3,13.3,32.7,physics_model
836.2,100.0,oil,232.6,4.0,52.0,1793.3,1515.2,10.3,28.8,physics_model
861.2,100.0,oil,442.6,4.0,32.8,1070.2,817.5,21.3,49.5,physics_model
869.7,50.0,water,282.4,1.0,49.4,1669.2,1436.9,12.7,30.7,physics_model
843.6,75.0,oil,474.5,2.0,30.9,1038.0,752.3,24.5,47.9,physics_model
853.6,150.0,oil,461.9,0.5,34.7,1154.2,852.8,19.6,52.3,physics_model
843.2,100.0,oil,277.4,4.0,47.4,1600.5,1365.5,13.7,31.6,physics_model
838.7,150.0,oil,251.3,2.0,51.3,1650.8,1446.4,11.2,32.5,physics_model
858.4,150.0,oil,477.7,4.0,28.4,949.5,690.5,20.6,49.1,physics_model
834.4,75.0,water,402.7,0.5,42.0,1224.1,1042.7,17.3,40.1,physics_model
864.2,75.0,oil,413.5,1.0,38.0,1229.5,906.7,18.2,43.1,physics_model
840.1,50.0,water,205.5,1.0,53.9,1860.6,1585.4,10.0,28.1,physics_model
860.8,50.0,air,562.6,1.0,23.7,832.5,601.2,23.6,52.6,physics_model
865.5,150.0,oil,402.1,4.0,38.6,1149.6,941.6,19.1,45.3,physics_model
859.7,75.0,oil,611.2,1.0,20.4,771.7,521.8,24.4,54.3,physics_model
841.9,25.0,water,473.8,2.0,30.7,1022.4,735.1,19.4,46.9,physics_model
864.3,50.0,oil,460.6,1.0,33.2,1098.3,755.0,19.5,47.2,physics_model
859.1,50.0,oil,250.0,4.0,51.1,1647.0,1473.6,11.3,32.0,physics_model
841.9,25.0,oil,250.4,0.5,51.9,1628.5,1587.3,11.3,31.0,physics_model
860.8,50.0,water,580.4,1.0,22.5,791.1,586.1,25.6,56.8,physics_model
838.2,13.0,water,535.3,0.5,28.1,937.9,660.6,25.2,51.0,physics_model
846.3,13.0,oil,342.3,1.0,46.9,1468.8,1224.8,14.9,37.5,physics_model
844.8,75.0,oil,518.5,1.0,27.8,867.5,691.0,19.5,54.5,physics_model
851.4,100.0,oil,397.1,0.5,41.7,1290.9,1064.8,20.0,42.3,physics_model
830.4,13.0,water,592.1,1.0,22.6,835.7,543.7,23.9,52.1,physics_model
845.4,75.0,water,522.4,4.0,25.7,843.8,573.6,23.5,53.1,physics_model
850.7,150.0,air,430.2,1.0,35.8,1260.4,963.5,20.5,43.6,physics_model
863.5,150.0,oil,547.6,4.0,23.1,828.6,534.1,24.6,51.5,physics_model
871.8,100.0,oil,279.6,2.0,49.2,1611.7,1294.6,13.4,29.8,physics_model
845.3,50.0,oil,415.5,1.0,37.4,1238.5,948.3,19.6,43.8,physics_model
865.2,75.0,oil,563.6,0.5,25.8,864.4,568.4,22.6,50.0,physics_model
835.9,25.0,water,370.5,2.0,41.1,1300.1,1100.7,14.6,36.5,physics_model
838.2,50.0,oil,369.2,0.5,44.3,1374.2,1155.2,17.6,35.3,physics_model
871.8,75.0,oil,282.5,0.5,50.7,1658.4,1464.5,11.6,32.5,physics_model
858.1,50.0,water,552.0,4.0,22.6,818.2,570.0,24.7,51.3,physics_model
864.9,75.0,oil,607.6,0.5,21.6,784.1,536.1,24.0,50.8,physics_model
868.7,25.0,oil,580.8,1.0,22.3,818.6,567.9,24.5,55.1,physics_model
840.5,75.0,oil,427.1,2.0,35.5,1207.0,861.3,19.8,45.1,physics_model
865.0,75.0,oil,443.5,1.0,35.6,1137.8,873.8,20.7,44.0,physics_model
870.2,25.0,oil,252.7,2.0,51.6,1657.3,1532.7,12.3,31.0,physics_model
865.5,13.0,water,250.1,2.0,50.9,1737.5,1460.8,11.4,33.0,physics_model
828.1,150.0,oil,492.0,4.0,27.7,951.9,639.9,22.2,55.2,physics_model
838.3,150.0,oil,354.7,0.5,44.9,1488.6,1180.4,16.3,37.9,physics_model
855.6,150.0,oil,582.5,1.0,22.8,787.5,586.8,24.9,54.9,physics_model
848.9,75.0,water,222.3,1.0,50.3,1748.5,1452.5,10.9,27.8,physics_model
841.4,25.0,water,627.3,4.0,18.5,787.1,534.9,26.7,52.9,physics_model
859.4,75.0,oil,502.5,0.5,29.9,1042.9,747.7,21.5,49.9,physics_model
838.8,50.0,water,371.3,0.5,43.3,1388.5,1162.7,16.4,40.3,physics_model
836.3,50.0,water,237.6,1.0,53.3,1755.5,1429.0,11.8,28.3,physics_model
859.6,50.0,oil,281.8,1.0,50.2,1623.2,1451.9,11.6,29.3,physics_model
854.6,50.0,oil,340.0,2.0,43.6,1463.4,1151.4,17.0,36.2,physics_model
853.6,150.0,oil,506.4,1.0,28.2,1001.8,683.8,22.1,50.3,physics_model
846.5,50.0,air,428.0,4.0,33.8,1147.0,840.4,19.8,47.7,physics_model
859.6,75.0,water,459.8,2.0,33.7,1042.7,836.2,20.3,48.5,physics_model
829.0,25.0,oil,203.4,4.0,52.5,1776.2,1541.2,10.8,26.8,physics_model
869.4,100.0,oil,401.4,0.5,40.4,1279.3,1050.8,16.9,40.4,physics_model
860.2,25.0,oil,459.8,1.0,32.2,1075.1,836.5,22.4,48.0,physics_model
833.7,25.0,oil,653.4,0.5,19.2,725.8,495.1,23.3,55.0,physics_model
858.4,150.0,oil,207.7,0.5,52.3,1756.7,1528.0,11.3,24.9,physics_model
841.5,100.0,oil,294.1,4.0,48.2,1536.5,1315.3,14.0,34.6,physics_model
865.6,13.0,oil,341.2,0.5,47.5,1459.4,1234.0,13.8,35.5,physics_model
861.0,13.0,air,580.5,4.0,21.9,795.5,536.2,23.1,53.8,physics_model
828.2,50.0,oil,473.5,0.5,33.2,1112.4,855.8,21.8,45.8,physics_model
835.8,150.0,oil,400.4,0.5,40.8,1303.7,1089.9,16.1,42.2,physics_model
858.2,100.0,air,656.4,4.0,17.8,759.8,479.1,24.2,50.9,physics_model
864.9,50.0,water,550.9,2.0,23.6,847.6,589.1,27.4,54.4,physics_model
844.8,50.0,oil,550.5,0.5,26.1,926.6,651.9,23.1,51.7,physics_model
841.3,50.0,oil,447.6,4.0,32.0,1032.3,822.2,21.8,49.1,physics_model
833.4,25.0,oil,579.5,0.5,22.9,825.9,579.4,23.8,57.6,physics_model
829.0,13.0,oil,608.6,0.5,21.2,803.3,550.2,24.2,52.6,physics_model
839.3,75.0,oil,352.1,0.5,46.6,1478.5,1167.6,15.1,36.5,physics_model
855.4,75.0,air,537.8,0.5,27.5,949.4,643.9,23.3,50.8,physics_model
842.0,13.0,oil,507.8,2.0,27.2,945.7,691.3,21.7,48.2,physics_model
850.7,75.0,oil,353.5,0.5,44.7,1504.6,1217.4,14.4,39.7,physics_model
865.7,13.0,oil,281.1,2.0,49.3,1571.9,1533.8,12.1,30.5,physics_model
871.5,75.0,water,563.9,1.0,23.3,825.3,559.3,23.8,47.0,physics_model
833.7,100.0,oil,548.9,1.0,25.3,894.7,645.9,23.3,53.1,physics_model
836.7,13.0,oil,292.9,1.0,49.6,1598.0,1345.6,12.5,30.8,physics_model
835.2,25.0,oil,580.4,1.0,23.2,855.9,566.2,23.4,53.7,physics_model
871.3,75.0,water,521.3,2.0,27.1,902.1,596.6,23.4,56.6,physics_model
834.0,13.0,oil,638.0,2.0,18.9,730.6,496.4,24.0,57.9,physics_model
864.9,75.0,water,267.9,0.5,48.9,1751.4,1531.3,11.3,26.3,physics_model
831.1,13.0,oil,442.5,0.5,37.6,1171.4,905.7,19.1,45.0,physics_model
850.8,25.0,air,309.0,0.5,41.4,1300.6,970.1,14.9,38.5,physics_model
844.1,13.0,water,204.3,2.0,54.5,1806.7,1547.4,10.4,25.6,physics_model
835.5,100.0,oil,340.8,0.5,45.1,1485.3,1225.8,14.7,36.3,physics_model
841.7,75.0,oil,292.6,4.0,47.5,1538.8,1329.5,12.7,33.4,physics_model
864.1,25.0,oil,563.5,1.0,23.4,851.9,649.8,22.9,50.9,physics_model
834.8,100.0,oil,446.9,4.0,31.0,1112.7,750.9,20.6,46.6,physics_model
829.1,75.0,oil,296.0,0.5,48.4,1600.0,1403.2,13.5,31.4,physics_model
861.7,75.0,water,282.1,4.0,47.9,1522.3,1424.2,13.7,32.1,physics_model
853.7,25.0,air,297.8,0.5,41.2,1323.0,1060.0,17.7,38.1,physics_model
846.8,25.0,oil,521.3,1.0,27.2,926.6,702.9,22.4,48.6,physics_model
864.1,25.0,oil,624.0,1.0,20.0,813.6,547.3,23.3,52.4,physics_model
856.8,100.0,oil,307.6,4.0,46.3,1484.2,1316.2,14.6,39.8,physics_model
829.5,100.0,oil,478.0,0.5,33.3,1039.6,834.0,20.9,43.6,physics_model
833.7,150.0,oil,279.1,2.0,48.4,1666.0,1368.9,12.0,32.8,physics_model
864.2,150.0,air,247.9,4.0,39.1,1307.3,1064.0,17.0,43.6,physics_model
850.4,13.0,air,506.3,2.0,28.2,949.2,653.1,21.8,52.8,physics_model
860.0,13.0,air,549.9,1.0,25.4,851.8,624.5,25.0,56.6,physics_model
834.2,13.0,oil,475.3,0.5,33.5,1033.9,826.7,20.8,48.7,physics_model
856.7,13.0,water,342.5,4.0,42.5,1399.4,1167.0,15.4,38.7,physics_model
833.4,13.0,oil,281.7,2.0,49.0,1703.0,1374.3,15.3,32.3,physics_model
829.1,25.0,water,221.2,4.0,51.7,1752.7,1545.8,10.5,29.8,physics_model
844.8,50.0,oil,262.6,2.0,50.7,1624.4,1438.0,12.6,32.1,physics_model
861.6,25.0,oil,533.8,4.0,24.2,826.6,625.9,24.6,55.4,physics_model
841.9,50.0,oil,384.9,1.0,41.4,1328.2,1028.0,15.6,39.1,physics_model
833.3,13.0,water,339.9,0.5,44.8,1428.9,1192.3,13.9,35.8,physics_model
841.8,13.0,oil,281.3,2.0,49.9,1589.1,1357.2,13.9,32.1,physics_model
870.7,13.0,oil,217.6,1.0,51.7,1751.3,1579.5,10.5,29.1,physics_model
834.4,50.0,water,534.9,2.0,24.2,902.2,653.0,23.4,47.9,physics_model
836.8,13.0,oil,403.0,1.0,40.4,1206.4,1025.3,16.4,41.2,physics_model
841.7,13.0,air,445.7,2.0,33.0,1113.0,858.3,19.0,49.3,physics_model
863.0,25.0,oil,566.8,2.0,22.7,796.3,594.1,24.2,56.6,physics_model
856.8,25.0,oil,518.5,0.5,28.3,1009.7,684.8,21.6,50.2,physics_model
869.4,75.0,water,367.6,0.5,43.3,1401.7,1148.5,15.0,40.1,physics_model
838.1,50.0,oil,609.0,0.5,22.1,761.8,545.3,23.6,58.7,physics_model
834.3,100.0,oil,325.6,2.0,45.7,1516.9,1215.6,13.9,35.8,physics_model
846.6,50.0,oil,593.0,4.0,21.0,781.0,522.6,24.8,56.3,physics_model
850.7,25.0,oil,639.6,4.0,17.8,745.4,500.0,26.8,58.1,physics_model
841.7,100.0,oil,536.2,0.5,27.7,930.5,688.8,23.9,51.7,physics_model
831.3,150.0,oil,370.0,1.0,42.2,1284.9,1101.1,16.5,38.6,physics_model
848.9,25.0,oil,217.3,4.0,52.3,1837.1,1582.9,10.0,28.6,physics_model
845.1,13.0,oil,612.5,4.0,18.9,785.9,500.7,24.3,47.8,physics_model
834.3,75.0,oil,400.6,0.5,40.6,1306.9,1015.3,17.8,38.3,physics_model
835.7,50.0,water,326.9,1.0,46.7,1432.3,1238.5,14.4,34.4,physics_model
856.8,100.0,air,206.8,0.5,40.2,1358.8,1012.4,17.4,42.1,physics_model
830.5,100.0,oil,417.8,1.0,37.0,1181.1,920.9,19.3,44.7,physics_model
861.3,50.0,air,280.4,4.0,41.3,1275.7,1093.5,15.7,38.2,physics_model
838.0,75.0,water,442.8,2.0,34.6,1085.5,808.0,20.3,46.7,physics_model
870.3,50.0,oil,476.3,2.0,30.8,971.3,818.1,22.0,49.9,physics_model
850.8,150.0,air,312.5,4.0,39.8,1274.5,974.1,18.3,40.3,physics_model
851.5,75.0,oil,475.0,1.0,32.5,1027.6,812.8,20.6,47.0,physics_model
848.1,13.0,oil,206.2,0.5,52.3,1844.3,1687.6,9.7,27.7,physics_model
854.9,50.0,air,282.1,0.5,41.6,1359.2,1089.3,15.6,40.2,physics_model
830.0,100.0,air,430.1,2.0,35.9,1174.0,879.7,19.1,47.4,physics_model
841.4,100.0,oil,458.8,4.0,30.9,1018.7,753.3,19.8,46.2,physics_model
856.3,50.0,oil,532.4,2.0,25.7,874.4,639.5,22.9,55.6,physics_model
869.6,100.0,oil,548.8,4.0,22.7,849.6,561.3,24.6,49.7,physics_model
858.5,25.0,oil,657.6,0.5,19.7,767.9,509.7,22.5,52.7,physics_model
844.3,75.0,oil,205.6,4.0,51.2,1763.0,1640.2,10.9,28.9,physics_model
849.1,75.0,oil,266.0,4.0,48.6,1644.1,1397.0,13.0,31.7,physics_model
836.9,13.0,oil,550.5,1.0,24.8,841.2,640.8,21.0,54.8,physics_model
853.1,25.0,water,502.3,0.5,31.5,1002.7,710.7,21.3,52.3,physics_model
858.8,25.0,oil,443.9,0.5,34.9,1193.6,922.2,19.2,43.3,physics_model
843.5,25.0,oil,249.2,2.0,50.7,1641.9,1489.8,11.2,29.5,physics_model
845.3,25.0,oil,611.4,0.5,22.1,799.9,546.4,21.7,57.9,physics_model
856.8,50.0,oil,352.2,1.0,44.6,1347.6,1237.3,16.3,37.5,physics_model
838.2,25.0,oil,222.3,1.0,52.9,1673.1,1614.2,11.5,27.3,physics_model
855.7,25.0,oil,612.2,2.0,20.4,776.4,563.6,24.8,52.4,physics_model
846.2,100.0,air,475.8,1.0,31.9,1031.7,745.0,20.7,51.2,physics_model
835.3,150.0,oil,627.8,0.5,21.0,793.3,567.0,24.9,56.9,physics_model
851.4,25.0,oil,206.3,0.5,53.5,1801.1,1601.2,10.5,26.9,physics_model
859.8,75.0,water,489.1,1.0,29.3,1004.1,756.8,22.2,50.3,physics_model
848.4,25.0,oil,566.7,0.5,24.6,871.0,601.6,24.2,52.8,physics_model
851.7,150.0,oil,372.6,2.0,40.5,1269.9,1068.4,16.1,38.9,physics_model
858.1,25.0,oil,250.9,2.0,50.8,1675.4,1498.6,12.3,30.3,physics_model
839.2,25.0,oil,322.9,0.5,48.1,1556.4,1314.8,14.4,35.9,physics_model
865.3,13.0,oil,534.3,1.0,26.1,909.3,631.0,23.9,58.9,physics_model
845.2,75.0,oil,445.3,2.0,34.1,1074.5,786.8,19.4,42.7,physics_model
844.7,75.0,oil,324.6,1.0,47.0,1564.9,1259.9,13.8,35.0,physics_model
865.6,75.0,oil,220.1,4.0,52.7,1676.2,1555.4,9.9,28.4,physics_model
849.5,25.0,oil,398.3,2.0,37.5,1251.8,1014.4,19.1,41.8,physics_model
865.7,13.0,oil,293.9,4.0,45.5,1564.9,1309.6,12.3,35.0,physics_model
863.4,25.0,oil,474.5,4.0,30.4,975.8,763.8,21.3,48.4,physics_model
850.9,150.0,oil,322.2,4.0,44.6,1375.6,1165.1,15.9,36.7,physics_model
865.1,75.0,oil,595.7,4.0,20.1,760.1,531.1,24.5,56.0,physics_model
860.8,100.0,oil,251.0,1.0,50.8,1672.8,1494.4,11.7,32.3,physics_model
831.5,50.0,oil,458.8,1.0,32.7,1077.2,853.4,20.7,47.3,physics_model
864.4,150.0,air,235.4,0.5,39.6,1281.1,1040.4,17.6,41.0,physics_model
865.0,75.0,oil,473.6,1.0,31.5,970.3,784.0,24.4,49.9,physics_model
868.8,25.0,oil,582.3,0.5,23.8,799.5,569.6,23.7,52.0,physics_model
836.8,150.0,oil,218.9,1.0,50.6,1746.6,1482.2,10.7,27.2,physics_model
843.6,50.0,oil,237.7,0.5,53.5,1773.6,1524.9,11.8,29.1,physics_model
868.6,13.0,oil,637.5,2.0,18.2,743.3,486.5,22.9,49.0,physics_model
844.9,25.0,air,417.9,4.0,35.2,1148.8,901.6,20.4,41.9,physics_model
859.8,13.0,oil,266.3,0.5,49.5,1619.3,1551.0,13.5,29.6,physics_model
828.6,50.0,oil,308.6,2.0,47.4,1544.7,1309.1,13.8,32.8,physics_model
854.8,25.0,oil,353.3,2.0,43.9,1350.5,1095.8,16.9,39.3,physics_model
845.7,75.0,oil,505.1,4.0,27.0,949.3,656.5,22.4,49.3,physics_model
861.7,13.0,oil,443.4,1.0,34.6,1131.1,812.8,18.9,47.8,physics_model
851.3,50.0,water,282.7,1.0,48.7,1618.7,1368.8,11.9,30.4,physics_model
848.5,75.0,water,506.2,1.0,29.3,940.9,711.8,22.5,49.4,physics_model
868.1,25.0,oil,400.4,2.0,39.2,1199.0,954.3,17.1,43.8,physics_model
830.2,25.0,air,340.7,2.0,40.4,1335.9,1038.5,18.2,40.0,physics_model
843.9,25.0,oil,295.7,2.0,47.0,1634.1,1323.9,13.3,34.5,physics_model
851.6,25.0,oil,641.4,2.0,18.3,761.3,503.6,27.3,58.2,physics_model
856.1,75.0,oil,597.2,2.0,20.7,772.0,522.8,23.5,56.2,physics_model
847.0,50.0,oil,219.9,2.0,51.6,1721.9,1562.7,12.3,28.6,physics_model
835.0,75.0,oil,252.1,2.0,50.4,1637.7,1463.2,11.8,29.7,physics_model
829.9,50.0,oil,221.1,0.5,53.6,1819.9,1607.9,11.0,28.8,physics_model
831.6,13.0,oil,518.2,1.0,27.7,939.9,689.2,21.4,50.5,physics_model
828.1,25.0,oil,384.8,2.0,39.6,1230.5,997.3,14.9,40.5,physics_model
835.4,75.0,air,627.4,2.0,18.9,790.3,514.7,23.6,50.5,physics_model
868.4,100.0,oil,280.0,0.5,50.5,1688.9,1353.9,12.6,32.5,physics_model
868.5,75.0,water,502.6,0.5,31.3,987.9,762.8,18.4,52.1,physics_model
868.8,100.0,oil,443.2,1.0,34.6,1103.5,856.1,21.1,47.8,physics_model
830.7,25.0,oil,281.1,4.0,48.0,1618.9,1352.2,14.1,32.8,physics_model
855.4,150.0,oil,638.5,2.0,18.2,735.2,496.6,27.1,56.0,physics_model
854.5,25.0,water,415.9,2.0,38.2,1166.5,970.9,17.0,44.4,physics_model
846.4,25.0,oil,656.8,0.5,19.7,748.2,503.5,24.0,56.2,physics_model
858.1,13.0,oil,428.7,4.0,33.5,1060.2,841.5,20.5,43.6,physics_model
859.7,75.0,water,461.5,4.0,31.0,985.6,723.9,20.8,49.7,physics_model
833.5,75.0,water,627.5,0.5,20.9,775.2,580.5,26.0,56.8,physics_model
835.4,13.0,water,384.7,1.0,41.4,1233.6,1077.6,16.3,36.5,physics_model
834.4,150.0,oil,295.3,0.5,49.6,1676.8,1382.4,12.8,32.7,physics_model
841.3,25.0,oil,402.6,2.0,38.5,1239.4,1026.7,18.0,46.6,physics_model
828.2,75.0,oil,607.4,2.0,20.4,828.0,518.3,26.0,58.0,physics_model
839.9,13.0,water,517.1,0.5,28.6,971.6,707.4,22.9,50.0,physics_model
843.7,100.0,oil,517.3,2.0,25.7,923.2,612.9,21.8,53.9,physics_model
854.0,100.0,oil,627.9,2.0,18.8,755.6,530.3,23.9,53.9,physics_model
828.5,25.0,oil,235.5,0.5,53.1,1783.2,1656.8,11.1,28.0,physics_model
869.3,75.0,oil,297.1,1.0,47.7,1629.0,1342.5,12.9,35.9,physics_model
851.0,25.0,oil,309.2,2.0,46.5,1485.2,1350.4,14.2,35.6,physics_model
861.0,100.0,oil,474.8,1.0,32.0,1017.3,766.8,21.0,48.0,physics_model
848.2,50.0,water,308.5,0.5,48.8,1587.9,1370.8,13.3,33.1,physics_model
855.5,25.0,oil,354.3,2.0,43.8,1316.9,1139.3,15.3,37.9,physics_model
866.3,150.0,oil,550.4,2.0,24.0,891.5,620.1,24.5,50.7,physics_model
841.5,25.0,air,459.7,0.5,34.0,1115.6,847.3,19.3,46.7,physics_model
860.3,13.0,oil,519.5,4.0,25.5,870.7,616.4,26.0,53.1,physics_model
855.6,13.0,air,612.4,0.5,21.3,804.8,553.7,25.3,49.9,physics_model
844.0,75.0,water,399.8,4.0,37.5,1191.4,926.0,17.3,48.1,physics_model
838.4,100.0,oil,550.1,2.0,24.5,868.4,564.9,25.9,53.4,physics_model
870.0,50.0,water,232.1,4.0,50.8,1691.1,1449.6,10.6,29.7,physics_model
863.8,50.0,water,250.5,1.0,51.0,1724.0,1496.0,10.4,32.0,physics_model
854.2,50.0,water,652.5,0.5,19.7,777.7,525.5,26.8,58.3,physics_model
830.7,100.0,oil,656.6,2.0,17.2,717.0,493.2,22.9,55.6,physics_model
831.5,75.0,oil,247.3,1.0,51.7,1697.1,1550.5,10.5,28.3,physics_model
865.9,100.0,oil,372.9,2.0,41.4,1292.6,1059.0,16.5,40.8,physics_model
868.1,100.0,oil,623.8,2.0,19.4,768.9,511.9,28.4,52.9,physics_model
838.3,100.0,oil,476.1,0.5,33.2,1080.3,800.3,21.5,48.0,physics_model
831.7,75.0,oil,278.4,4.0,50.1,1672.3,1315.1,13.5,32.5,physics_model
863.7,50.0,oil,205.7,1.0,51.4,1764.1,1468.1,10.6,27.1,physics_model
868.9,150.0,oil,252.2,4.0,49.8,1701.3,1394.8,11.5,32.1,physics_model
855.2,13.0,oil,488.3,2.0,28.7,994.8,711.6,21.6,45.4,physics_model
849.1,25.0,oil,264.0,1.0,51.4,1666.9,1472.1,11.5,33.0,physics_model
833.9,25.0,oil,249.8,0.5,52.8,1685.3,1539.0,10.5,30.4,physics_model
859.9,25.0,water,457.8,4.0,31.8,936.7,795.9,21.5,46.5,physics_model
850.7,13.0,air,382.5,1.0,41.6,1329.9,1084.7,17.9,37.9,physics_model
848.1,25.0,oil,217.9,2.0,52.3,1601.6,1568.3,11.2,29.1,physics_model
847.0,100.0,oil,204.7,1.0,52.0,1823.1,1582.4,10.2,24.9,physics_model
841.1,75.0,air,654.1,1.0,18.4,748.6,522.3,27.3,56.1,physics_model
831.2,50.0,oil,327.4,2.0,45.3,1477.7,1277.0,16.6,37.7,physics_model
844.8,13.0,oil,550.7,1.0,25.9,905.9,593.6,22.7,52.6,physics_model
859.3,50.0,air,248.4,1.0,40.7,1264.4,1155.5,17.9,38.5,physics_model
838.8,75.0,oil,413.7,4.0,34.6,1178.5,873.5,18.3,41.0,physics_model
868.8,13.0,oil,204.9,1.0,52.6,1746.8,1576.7,9.9,29.5,physics_model
870.0,150.0,oil,415.0,4.0,36.3,1120.7,896.4,19.3,43.0,physics_model
850.6,100.0,oil,504.7,0.5,30.0,994.9,721.2,20.4,45.1,physics_model
859.2,75.0,air,625.5,4.0,18.3,776.2,539.2,23.8,48.4,physics_model
848.1,50.0,oil,623.9,4.0,18.6,777.3,490.7,23.3,59.9,physics_model
853.8,50.0,oil,341.9,1.0,45.1,1383.3,1202.4,14.6,38.8,physics_model
835.7,75.0,oil,384.6,4.0,38.4,1240.9,1029.6,18.1,44.1,physics_model
838.7,50.0,oil,597.5,4.0,20.2,804.1,510.4,23.8,59.4,physics_model
858.3,100.0,oil,577.9,0.5,23.8,851.8,591.9,24.0,55.9,physics_model
828.6,25.0,water,401.7,0.5,39.8,1382.1,963.7,17.0,41.0,physics_model
834.9,150.0,oil,488.7,0.5,32.2,1033.4,777.8,20.8,48.6,physics_model
869.2,13.0,oil,295.8,1.0,48.6,1618.6,1300.1,14.6,32.0,physics_model
838.9,75.0,water,339.2,1.0,44.2,1470.3,1288.6,16.1,37.2,physics_model
839.1,25.0,oil,446.2,1.0,34.5,1093.6,826.3,19.8,45.8,physics_model
859.2,50.0,oil,611.3,4.0,18.5,737.4,516.4,27.8,56.8,physics_model
864.9,13.0,oil,623.9,4.0,18.6,767.1,522.4,24.3,54.3,physics_model
861.5,25.0,oil,278.3,1.0,49.6,1739.4,1391.3,12.1,31.6,physics_model
854.0,100.0,oil,504.2,0.5,30.0,1050.3,734.7,22.4,45.7,physics_model
841.9,75.0,oil,460.6,4.0,30.0,997.2,748.3,23.1,44.1,physics_model
856.9,25.0,oil,642.2,0.5,20.0,731.0,507.7,26.5,56.0,physics_model
829.0,50.0,oil,354.2,0.5,44.4,1482.2,1231.3,14.5,36.9,physics_model
836.5,25.0,oil,384.8,1.0,39.7,1255.9,1041.3,16.6,40.1,physics_model
853.6,25.0,oil,295.8,1.0,47.3,1551.5,1352.7,14.9,33.1,physics_model
839.4,100.0,oil,338.0,0.5,45.5,1537.9,1286.8,14.9,33.6,physics_model
838.7,100.0,oil,506.6,1.0,29.1,965.7,742.7,21.9,53.0,physics_model
830.9,25.0,oil,220.0,1.0,50.4,1808.7,1640.9,10.8,27.6,physics_model
850.5,150.0,oil,354.6,2.0,42.2,1410.1,1095.3,15.7,38.6,physics_model
830.1,13.0,oil,312.4,0.5,47.6,1493.1,1344.6,13.7,35.1,physics_model
834.6,25.0,oil,263.4,4.0,50.1,1692.8,1428.6,13.7,33.6,physics_model
848.5,75.0,water,460.3,1.0,33.6,1089.7,776.2,21.3,44.6,physics_model
868.6,25.0,air,325.7,2.0,41.9,1366.7,1077.0,17.1,42.3,physics_model
840.0,50.0,air,489.9,0.5,31.2,1035.7,718.8,21.9,45.9,physics_model
843.2,50.0,air,236.7,1.0,40.5,1287.6,1013.8,16.9,41.5,physics_model
864.5,50.0,air,206.1,2.0,41.2,1309.4,1075.4,18.4,39.3,physics_model
860.5,13.0,water,293.0,1.0,47.1,1621.2,1390.7,12.7,34.1,physics_model
861.7,100.0,oil,205.6,4.0,52.2,1749.5,1605.2,10.8,27.1,physics_model
830.2,50.0,oil,474.6,0.5,33.7,1022.7,831.3,19.5,47.7,physics_model
854.9,25.0,water,652.3,2.0,18.3,741.3,482.6,24.3,52.4,physics_model
856.7,25.0,oil,342.4,4.0,41.4,1275.5,1136.0,15.9,40.2,physics_model
868.9,50.0,oil,353.9,0.5,43.7,1380.2,1235.6,14.5,33.8,physics_model
849.7,13.0,oil,339.2,2.0,45.1,1484.8,1223.5,14.5,37.4,physics_model
868.7,13.0,oil,307.0,0.5,48.4,1589.3,1350.8,12.9,33.2,physics_model
850.3,150.0,oil,292.7,2.0,49.2,1553.4,1345.9,14.9,33.0,physics_model
860.2,100.0,oil,518.0,0.5,29.4,934.7,691.6,22.2,49.4,physics_model
833.3,13.0,oil,597.8,0.5,22.8,834.4,583.2,22.1,53.6,physics_model
843.5,25.0,oil,352.6,2.0,43.1,1347.7,1204.6,17.1,38.3,physics_model
843.9,25.0,water,204.4,4.0,54.4,1765.2,1558.1,10.6,29.3,physics_model
860.3,50.0,oil,653.8,1.0,18.4,763.1,482.2,24.5,55.2,physics_model
851.3,13.0,oil,503.5,0.5,30.0,967.9,740.5,21.6,45.7,physics_model
863.8,50.0,water,352.9,2.0,41.5,1375.5,1024.9,15.6,40.7,physics_model
835.0,150.0,air,507.0,4.0,26.8,949.3,648.3,23.0,55.0,physics_model
860.9,25.0,air,357.9,1.0,40.2,1310.1,1008.7,18.8,40.9,physics_model
865.4,25.0,oil,492.2,1.0,31.4,1013.1,733.5,21.1,46.8,physics_model
838.4,25.0,oil,236.4,2.0,50.4,1689.8,1509.3,11.3,34.0,physics_model
869.7,25.0,oil,655.8,1.0,18.7,734.2,508.0,25.8,56.4,physics_model
858.3,25.0,oil,592.2,4.0,19.7,778.0,536.2,23.9,52.2,physics_model
836.1,50.0,water,323.0,0.5,46.8,1481.5,1330.0,14.5,33.4,physics_model
839.4,25.0,oil,490.5,4.0,28.1,956.4,706.0,19.8,54.0,physics_model
861.7,25.0,water,445.9,2.0,35.0,1078.0,856.5,18.4,45.4,physics_model
840.6,100.0,oil,597.4,0.5,22.9,822.7,591.1,23.0,55.7,physics_model
828.6,25.0,air,580.6,0.5,24.6,857.7,577.5,23.6,56.8,physics_model
841.1,25.0,oil,294.7,0.5,47.2,1649.6,1352.7,12.7,29.8,physics_model
834.6,50.0,oil,341.1,1.0,44.5,1476.4,1185.0,13.4,36.9,physics_model
835.9,75.0,oil,263.4,0.5,50.2,1748.8,1504.3,11.9,28.7,physics_model
859.9,100.0,oil,247.9,4.0,50.3,1797.4,1463.8,13.1,29.7,physics_model
870.6,150.0,air,342.6,4.0,39.4,1315.8,1073.7,19.6,42.0,physics_model
858.5,13.0,water,266.4,4.0,48.5,1531.5,1415.7,13.2,29.7,physics_model
853.0,50.0,oil,428.0,2.0,35.7,1159.7,903.0,20.1,46.2,physics_model
835.7,13.0,oil,221.4,0.5,53.1,1805.6,1649.3,10.6,28.1,physics_model
860.5,13.0,oil,473.2,4.0,30.2,992.1,721.0,21.1,50.3,physics_model
853.1,150.0,oil,384.2,1.0,41.1,1313.4,1051.4,16.9,39.4,physics_model
849.0,150.0,air,337.1,1.0,39.7,1267.9,997.5,17.8,43.5,physics_model
844.5,150.0,oil,416.7,1.0,39.0,1257.9,937.0,17.8,44.1,physics_model
846.9,13.0,oil,412.9,0.5,39.6,1320.8,958.6,16.1,40.2,physics_model
864.2,150.0,oil,266.9,4.0,47.9,1538.6,1460.2,12.5,33.4,physics_model
844.2,100.0,oil,412.0,1.0,37.9,1187.8,991.8,19.2,45.7,physics_model
856.9,25.0,oil,549.7,2.0,23.9,846.8,574.2,25.0,49.7,physics_model
839.2,150.0,oil,352.9,2.0,42.1,1425.0,1230.6,14.6,39.2,physics_model
860.6,25.0,oil,537.3,0.5,27.6,932.6,679.6,22.6,47.6,physics_model
831.9,13.0,water,311.5,4.0,47.4,1542.6,1256.6,14.5,34.2,physics_model
850.3,150.0,oil,460.7,1.0,32.6,1100.4,849.2,21.2,46.5,physics_model
841.7,75.0,oil,279.8,2.0,49.3,1631.2,1434.3,12.7,31.7,physics_model
843.2,75.0,oil,461.3,1.0,33.3,1107.3,793.3,21.3,45.7,physics_model
864.8,25.0,water,652.4,2.0,17.9,728.5,486.3,24.7,49.1,physics_model
865.9,75.0,water,233.8,0.5,51.3,1804.0,1518.2,10.5,25.3,physics_model
836.2,50.0,water,220.7,1.0,52.2,1844.1,1485.7,10.3,27.7,physics_model
869.8,150.0,oil,278.7,1.0,48.2,1672.4,1380.1,13.1,31.5,physics_model
858.1,50.0,oil,248.3,0.5,50.5,1768.0,1524.5,11.3,29.8,physics_model
871.5,75.0,oil,490.1,2.0,30.1,978.0,726.6,20.4,49.7,physics_model
864.5,150.0,oil,549.5,2.0,24.0,849.6,611.7,22.7,52.4,physics_model
838.4,75.0,oil,446.5,4.0,31.8,1064.9,864.3,21.4,44.5,physics_model
843.4,100.0,oil,640.2,4.0,18.3,768.4,491.3,22.8,57.5,physics_model
850.2,100.0,air,637.6,2.0,18.4,768.6,516.8,27.2,52.5,physics_model
858.3,100.0,oil,506.8,4.0,26.7,907.2,654.3,24.2,52.5,physics_model
836.5,25.0,water,547.9,4.0,23.0,879.5,610.9,24.8,54.4,physics_model
848.7,13.0,air,387.8,4.0,38.9,1219.7,977.7,18.2,42.8,physics_model
838.6,75.0,oil,397.3,0.5,42.4,1357.6,1075.6,12.6,42.0,physics_model
864.4,75.0,water,582.3,4.0,21.0,738.1,550.4,26.2,55.5,physics_model
860.9,75.0,oil,373.0,4.0,40.1,1204.4,976.2,16.7,38.1,physics_model
871.2,100.0,oil,551.1,4.0,22.9,828.4,539.7,23.5,53.5,physics_model
855.6,150.0,oil,610.6,1.0,21.0,792.1,548.2,24.2,52.7,physics_model
855.9,100.0,oil,473.8,4.0,28.9,960.5,768.3,21.4,47.4,physics_model
848.7,100.0,oil,431.1,0.5,38.0,1270.7,939.2,18.4,46.7,physics_model
865.6,25.0,oil,312.2,0.5,47.0,1562.0,1401.4,13.9,33.5,physics_model
855.3,25.0,oil,252.6,4.0,48.6,1705.8,1286.1,12.5,35.2,physics_model
829.0,13.0,oil,490.5,4.0,28.0,943.7,702.9,22.4,58.7,physics_model
840.9,75.0,water,462.0,1.0,33.0,1006.9,820.5,22.2,47.1,physics_model
853.6,13.0,oil,250.6,1.0,51.7,1750.5,1558.0,11.9,30.9,physics_model
851.8,100.0,oil,368.6,0.5,42.7,1416.8,1171.3,16.9,40.3,physics_model
841.4,75.0,oil,517.7,4.0,25.3,947.8,642.1,22.4,57.1,physics_model
861.2,13.0,oil,325.8,4.0,46.8,1488.7,1222.3,15.2,39.1,physics_model
849.1,75.0,oil,461.8,2.0,31.9,1033.2,742.9,19.5,46.7,physics_model
834.2,100.0,oil,416.9,0.5,38.2,1290.2,997.0,17.6,44.7,physics_model
864.0,25.0,oil,308.4,2.0,47.8,1545.9,1273.7,12.9,36.0,physics_model
866.3,13.0,oil,412.3,1.0,38.9,1189.5,1038.0,18.9,44.2,physics_model
848.2,50.0,oil,295.3,2.0,47.6,1584.4,1321.9,12.4,33.9,physics_model
869.2,50.0,water,296.6,0.5,48.2,1592.5,1341.2,13.0,32.7,physics_model
862.0,75.0,air,521.5,0.5,28.9,914.8,685.8,21.8,50.1,physics_model
846.8,50.0,oil,506.1,0.5,30.8,964.0,726.4,22.7,49.2,physics_model
853.6,75.0,oil,265.9,1.0,52.8,1740.3,1480.3,13.5,31.2,physics_model
870.5,13.0,oil,532.9,0.5,27.4,914.3,707.2,24.1,53.7,physics_model
861.5,13.0,water,247.9,4.0,52.1,1774.6,1504.3,11.9,32.1,physics_model
838.1,13.0,air,372.5,4.0,40.1,1304.6,1093.1,18.0,42.3,physics_model
862.0,100.0,oil,414.4,1.0,38.6,1283.5,958.9,18.5,41.2,physics_model
828.9,150.0,oil,367.8,0.5,44.0,1425.0,1173.4,15.9,38.3,physics_model
839.6,13.0,oil,639.9,4.0,18.1,720.9,480.8,25.0,58.2,physics_model
843.7,13.0,water,250.8,2.0,50.9,1609.6,1414.9,11.0,31.6,physics_model
833.3,75.0,oil,519.9,4.0,25.8,911.8,585.6,24.4,49.9,physics_model
830.4,75.0,air,532.4,1.0,26.9,918.0,646.7,23.1,49.1,physics_model
851.3,150.0,oil,612.9,4.0,19.1,765.1,549.4,26.7,53.0,physics_model
851.8,25.0,oil,234.3,4.0,50.6,1707.1,1565.3,11.6,29.4,physics_model
834.4,100.0,oil,308.5,1.0,47.4,1553.7,1360.4,11.6,34.9,physics_model
839.1,100.0,oil,582.7,0.5,23.7,852.7,586.3,22.4,49.2,physics_model
865.6,13.0,oil,521.6,2.0,25.7,924.8,660.3,18.8,53.0,physics_model
834.1,50.0,oil,294.7,0.5,50.1,1661.0,1403.4,12.1,30.6,physics_model
870.3,50.0,water,595.6,2.0,20.9,791.4,554.3,22.5,55.8,physics_model
864.7,50.0,air,444.2,2.0,33.6,1140.5,847.9,19.9,45.1,physics_model
853.8,75.0,water,203.6,2.0,53.9,1719.4,1515.0,10.9,27.7,physics_model
848.2,50.0,oil,412.9,4.0,35.5,1112.5,960.7,19.3,46.4,physics_model
864.6,100.0,oil,627.1,0.5,21.0,796.6,550.2,26.9,55.5,physics_model
843.8,100.0,oil,383.3,1.0,42.8,1350.1,1081.4,17.1,35.1,physics_model
834.8,25.0,oil,414.9,4.0,36.2,1159.8,857.0,18.3,42.0,physics_model
866.4,100.0,oil,638.1,2.0,19.0,751.9,498.5,25.7,58.3,physics_model
855.5,150.0,oil,278.2,4.0,48.1,1565.3,1449.2,13.4,33.3,physics_model
864.9,13.0,oil,232.8,4.0,49.9,1720.8,1464.1,11.8,32.0,physics_model
833.1,100.0,oil,578.3,1.0,23.2,856.8,574.4,23.5,49.6,physics_model
856.0,75.0,oil,383.6,4.0,38.9,1253.8,1026.4,16.5,43.9,physics_model
867.0,150.0,oil,251.8,4.0,49.5,1639.1,1412.6,10.7,33.1,physics_model
835.0,100.0,oil,354.9,2.0,43.9,1404.3,1026.7,16.1,42.8,physics_model
853.7,75.0,water,549.4,2.0,24.0,834.2,600.8,19.9,50.0,physics_model
839.3,50.0,oil,477.2,2.0,30.3,1004.9,743.9,23.8,48.4,physics_model
870.9,150.0,oil,536.6,2.0,24.6,860.8,616.0,24.5,53.8,physics_model
829.9,75.0,oil,265.1,2.0,50.9,1649.6,1351.5,13.4,30.2,physics_model
845.8,75.0,water,327.8,0.5,46.8,1573.9,1305.7,14.7,34.2,physics_model
839.9,25.0,water,266.0,4.0,49.2,1628.1,1442.0,12.7,31.6,physics_model
868.8,150.0,oil,458.9,2.0,32.1,1047.1,843.6,20.7,47.1,physics_model
831.3,75.0,oil,337.0,0.5,45.3,1477.3,1319.1,15.8,37.7,physics_model
848.8,75.0,oil,384.6,4.0,37.9,1281.9,972.2,18.4,44.4,physics_model
835.8,150.0,oil,491.0,2.0,29.3,955.9,693.5,22.1,47.0,physics_model
833.5,50.0,oil,472.7,1.0,32.6,1062.8,874.8,20.8,47.5,physics_model
865.3,150.0,oil,522.0,4.0,25.7,891.9,596.6,23.7,48.9,physics_model
831.0,100.0,oil,219.9,1.0,51.1,1773.2,1531.9,10.0,25.8,physics_model
865.9,75.0,oil,266.3,2.0,48.0,1637.9,1375.9,13.1,34.8,physics_model
865.4,50.0,air,517.7,2.0,26.6,911.4,666.8,25.3,56.4,physics_model
831.5,50.0,water,207.3,4.0,52.4,1774.9,1537.0,10.9,32.0,physics_model
856.4,75.0,oil,352.1,4.0,42.4,1342.4,1037.4,14.9,35.8,physics_model
830.3,25.0,water,622.2,4.0,18.8,774.4,494.2,23.5,58.7,physics_model
828.7,13.0,water,294.8,0.5,49.9,1724.3,1372.3,13.9,31.9,physics_model
838.2,50.0,oil,253.0,1.0,50.7,1723.5,1478.9,11.6,29.3,physics_model
845.8,150.0,oil,428.0,1.0,36.8,1253.2,908.5,19.2,42.8,physics_model
836.7,25.0,oil,507.1,1.0,29.9,932.5,720.4,20.6,51.4,physics_model
846.4,25.0,oil,564.3,0.5,24.9,835.9,627.2,23.3,57.4,physics_model
848.5,50.0,air,476.1,1.0,32.3,1006.4,780.1,19.3,47.6,physics_model
830.6,75.0,oil,370.7,1.0,41.0,1396.5,1117.0,15.5,38.6,physics_model
871.0,75.0,oil,353.5,1.0,43.8,1412.1,1198.7,13.1,38.1,physics_model
864.1,25.0,oil,232.1,1.0,53.2,1832.9,1563.1,11.1,30.1,physics_model
853.9,150.0,oil,341.3,0.5,45.8,1481.0,1251.2,16.1,38.7,physics_model
841.4,50.0,oil,206.9,1.0,53.2,1807.6,1586.5,10.0,28.0,physics_model
870.3,75.0,oil,371.1,2.0,41.4,1353.5,1078.6,15.7,41.6,physics_model
850.8,13.0,water,217.1,1.0,50.5,1727.8,1482.1,10.0,28.0,physics_model
828.1,13.0,air,281.0,1.0,41.0,1383.7,1092.1,16.5,40.3,physics_model
836.8,75.0,water,309.0,1.0,48.3,1553.6,1331.4,12.1,33.9,physics_model
864.9,100.0,oil,609.2,4.0,19.3,786.8,520.6,26.3,53.6,physics_model
846.6,50.0,oil,251.0,1.0,50.3,1703.4,1396.8,10.5,28.2,physics_model
831.5,150.0,oil,414.7,1.0,38.3,1241.7,973.0,19.7,45.1,physics_model
858.5,50.0,water,458.4,2.0,31.6,1101.3,754.5,22.6,44.9,physics_model
845.1,25.0,oil,397.9,0.5,42.2,1348.6,1042.5,17.2,40.6,physics_model
856.4,100.0,oil,369.4,1.0,42.2,1359.0,1093.2,16.4,40.4,physics_model
839.1,13.0,water,236.8,2.0,50.4,1700.0,1579.0,11.8,31.3,physics_model
835.4,13.0,water,385.6,1.0,39.5,1265.9,1045.5,17.1,41.8,physics_model
845.1,75.0,oil,247.1,2.0,51.2,1720.2,1477.6,11.4,31.5,physics_model
846.5,100.0,oil,607.3,0.5,21.8,845.0,550.2,23.4,53.3,physics_model
829.9,75.0,air,219.3,2.0,40.4,1319.2,1022.7,14.8,38.8,physics_model
830.5,50.0,oil,460.0,2.0,33.0,1081.7,773.8,20.8,45.2,physics_model
830.3,100.0,oil,296.6,2.0,47.3,1539.1,1304.7,13.8,33.2,physics_model
839.5,50.0,water,325.2,4.0,44.1,1471.1,1229.5,15.8,36.6,physics_model
828.4,50.0,oil,385.8,0.5,41.2,1307.6,1036.3,17.5,38.7,physics_model
838.1,50.0,oil,367.1,2.0,39.4,1379.8,1020.7,18.8,44.8,physics_model
836.9,25.0,oil,622.3,0.5,20.5,795.3,528.2,24.2,55.8,physics_model
829.4,100.0,oil,563.3,0.5,24.3,863.8,632.3,25.8,53.8,physics_model
854.6,100.0,oil,203.4,1.0,52.9,1710.1,1644.2,11.9,28.1,physics_model
844.3,13.0,oil,340.1,1.0,46.6,1433.6,1202.7,15.9,35.1,physics_model
839.4,50.0,oil,397.2,2.0,38.3,1226.2,1014.0,19.8,45.1,physics_model
851.2,50.0,air,534.6,4.0,24.6,862.5,562.0,23.5,56.8,physics_model
868.8,13.0,oil,252.6,0.5,51.4,1715.9,1613.5,10.1,30.9,physics_model
859.3,100.0,oil,506.5,4.0,27.2,933.5,637.6,21.5,48.0,physics_model
856.0,75.0,water,579.1,4.0,20.8,805.6,539.5,25.4,54.4,physics_model
855.0,50.0,oil,293.6,0.5,50.7,1650.7,1382.1,11.8,34.9,physics_model
870.8,75.0,oil,222.4,2.0,50.7,1721.5,1649.3,10.9,31.3,physics_model
850.4,75.0,oil,551.3,4.0,23.5,859.5,563.4,23.8,50.2,physics_model
845.5,13.0,water,218.7,1.0,52.0,1719.5,1477.6,10.2,26.1,physics_model
864.6,75.0,oil,625.2,2.0,18.6,756.7,551.3,24.3,56.3,physics_model
861.8,25.0,oil,581.9,0.5,24.0,864.7,584.5,25.3,51.1,physics_model
856.1,25.0,oil,655.6,2.0,17.9,754.4,497.8,24.3,55.6,physics_model
851.5,50.0,water,387.4,2.0,38.7,1216.5,1009.8,18.0,43.6,physics_model
833.0,13.0,oil,447.9,0.5,35.8,1150.5,954.0,18.5,46.6,physics_model
848.1,13.0,oil,432.9,4.0,32.9,1134.0,871.4,22.6,46.6,physics_model
868.0,150.0,oil,322.7,0.5,47.3,1566.2,1312.8,12.8,37.0,physics_model
835.6,150.0,oil,383.4,0.5,42.0,1295.7,1150.6,16.4,41.7,physics_model
851.9,25.0,oil,444.6,1.0,35.5,1126.8,874.3,17.8,45.1,physics_model
838.7,50.0,oil,232.4,1.0,50.6,1749.5,1597.7,10.3,28.3,physics_model
830.7,100.0,oil,475.2,1.0,32.7,1001.3,753.8,19.2,45.4,physics_model
871.0,75.0,water,293.1,1.0,48.4,1635.1,1480.1,11.8,31.4,physics_model
869.1,100.0,oil,323.4,1.0,45.1,1501.2,1323.5,14.3,33.4,physics_model
863.2,25.0,oil,654.0,2.0,17.6,752.3,501.3,27.3,54.5,physics_model
861.6,100.0,oil,398.4,2.0,40.0,1214.3,994.7,18.4,45.3,physics_model
837.0,25.0,oil,567.1,1.0,23.5,872.5,609.3,23.4,52.9,physics_model
830.7,25.0,oil,431.3,0.5,38.6,1196.8,965.6,20.4,44.2,physics_model
865.9,150.0,oil,356.4,4.0,42.2,1291.1,1080.0,18.2,36.1,physics_model
835.3,13.0,oil,281.8,2.0,49.1,1643.5,1351.2,12.0,31.8,physics_model
850.0,13.0,oil,280.9,2.0,47.9,1559.8,1389.8,13.3,30.2,physics_model
854.0,25.0,oil,369.1,2.0,40.9,1266.9,1069.8,16.7,37.2,physics_model
855.1,75.0,oil,520.0,2.0,27.0,918.0,631.5,23.0,51.9,physics_model
864.5,100.0,oil,612.9,0.5,21.5,840.0,559.7,23.9,55.5,physics_model
845.1,75.0,water,640.6,2.0,18.5,770.5,491.6,26.6,51.9,physics_model
833.9,25.0,oil,262.8,2.0,50.5,1687.0,1476.5,12.4,32.8,physics_model
864.2,150.0,oil,549.2,0.5,26.8,970.9,632.6,25.0,51.7,physics_model
845.3,150.0,oil,416.9,2.0,36.8,1209.9,851.9,19.0,45.2,physics_model
870.1,75.0,oil,340.7,4.0,44.3,1414.6,1133.4,15.1,39.1,physics_model
846.5,13.0,water,622.1,2.0,18.9,754.4,507.3,26.1,55.0,physics_model
861.4,50.0,air,353.4,0.5,41.7,1252.4,1053.0,17.1,41.5,physics_model
850.9,100.0,oil,532.8,0.5,27.1,944.3,685.3,23.3,52.2,physics_model
864.5,25.0,oil,262.9,4.0,50.0,1645.1,1357.5,12.3,29.6,physics_model
844.8,75.0,water,249.9,4.0,50.3,1650.5,1412.0,11.5,30.1,physics_model
834.5,50.0,oil,250.7,1.0,49.8,1671.5,1469.2,13.8,30.5,physics_model
858.2,25.0,oil,432.6,1.0,35.9,1220.3,926.5,20.4,45.6,physics_model
853.8,50.0,water,400.9,1.0,39.3,1269.5,1019.2,18.0,39.3,physics_model
860.2,150.0,oil,487.3,4.0,28.1,965.0,694.6,20.5,54.9,physics_model
838.1,13.0,oil,460.5,4.0,30.8,1024.8,752.3,22.2,48.8,physics_model
839.9,75.0,water,536.9,4.0,23.7,836.8,613.8,22.4,51.4,physics_model
838.6,75.0,oil,639.6,4.0,17.6,766.0,507.0,25.2,54.3,physics_model
851.2,13.0,oil,562.2,0.5,24.4,846.6,626.2,22.7,49.8,physics_model
866.6,150.0,oil,508.0,1.0,28.6,959.8,716.5,22.1,51.6,physics_model
833.1,75.0,air,550.5,2.0,23.6,875.7,591.4,25.2,50.0,physics_model
856.3,75.0,oil,249.8,4.0,47.9,1655.8,1508.9,11.4,31.6,physics_model
833.7,100.0,air,445.6,0.5,36.0,1143.5,874.6,18.8,42.6,physics_model
864.7,13.0,oil,413.3,1.0,37.8,1185.5,972.8,19.7,45.5,physics_model
860.6,13.0,oil,369.8,1.0,43.0,1387.8,1190.1,16.9,40.3,physics_model
844.9,75.0,oil,537.4,0.5,27.0,957.9,669.0,20.5,52.4,physics_model
838.7,75.0,water,369.8,1.0,42.2,1355.0,1132.7,15.6,39.7,physics_model
845.0,150.0,air,206.6,2.0,39.3,1247.6,999.9,17.6,41.6,physics_model
836.8,13.0,air,322.6,4.0,41.2,1304.6,1035.4,18.7,40.5,physics_model
850.0,13.0,water,459.7,0.5,35.2,1109.3,784.9,18.6,49.2,physics_model
830.4,75.0,oil,341.2,0.5,47.6,1536.5,1252.9,16.8,35.1,physics_model
853.2,13.0,oil,218.0,1.0,52.8,1724.6,1508.4,11.0,27.8,physics_model
868.4,25.0,oil,292.3,1.0,48.7,1634.3,1445.8,12.9,29.3,physics_model
836.8,25.0,oil,297.9,2.0,48.8,1591.9,1305.0,13.3,33.1,physics_model
861.5,13.0,water,503.3,1.0,28.6,985.0,727.7,22.8,46.4,physics_model
841.7,150.0,oil,249.6,0.5,51.2,1719.9,1519.8,10.7,29.4,physics_model
845.6,150.0,air,474.2,0.5,33.5,1074.5,785.0,20.4,45.2,physics_model
864.0,50.0,water,461.7,0.5,33.4,1087.1,856.6,20.2,49.6,physics_model
839.5,50.0,air,626.9,4.0,18.3,694.3,509.7,26.2,53.0,physics_model
847.0,75.0,air,220.4,2.0,40.9,1283.5,999.4,17.6,40.7,physics_model
841.2,50.0,oil,431.4,2.0,35.2,1156.7,845.0,17.2,48.0,physics_model
868.2,50.0,air,442.3,4.0,33.6,1028.8,804.3,22.1,47.8,physics_model
843.0,13.0,oil,565.4,4.0,21.6,776.3,554.7,24.7,58.0,physics_model
859.0,100.0,oil,353.9,1.0,44.6,1378.7,1176.2,16.1,37.0,physics_model
867.0,50.0,water,517.9,4.0,25.5,820.6,616.7,24.5,51.7,physics_model
848.7,150.0,air,474.8,1.0,31.1,1033.3,778.6,19.3,47.5,physics_model
845.7,150.0,oil,442.1,4.0,32.4,1048.4,757.2,21.9,42.2,physics_model
829.7,13.0,oil,638.5,0.5,19.6,762.3,515.7,23.5,57.5,physics_model
870.1,13.0,oil,624.6,2.0,19.4,764.7,524.9,22.6,47.9,physics_model
831.1,50.0,oil,323.6,0.5,46.5,1560.7,1337.6,15.3,33.8,physics_model
846.5,25.0,oil,462.1,1.0,32.9,1086.5,781.7,20.3,44.7,physics_model
864.8,75.0,oil,491.9,0.5,31.9,1020.7,791.5,21.8,48.9,physics_model
849.8,75.0,water,506.7,4.0,26.1,947.2,639.8,23.4,52.6,physics_model
849.1,150.0,air,474.5,4.0,29.8,982.2,750.6,22.6,43.2,physics_model
866.8,50.0,oil,520.8,1.0,28.0,929.0,705.8,22.5,53.6,physics_model
843.4,13.0,oil,521.1,4.0,25.8,851.7,597.5,26.0,49.7,physics_model
829.2,100.0,oil,624.3,0.5,20.2,770.0,536.1,25.8,55.1,physics_model
845.0,100.0,oil,565.8,1.0,23.6,820.4,635.0,23.7,52.8,physics_model
871.2,25.0,oil,518.3,1.0,27.6,958.0,673.0,24.3,52.6,physics_model
865.4,13.0,water,475.3,1.0,30.7,985.9,776.5,20.7,50.5,physics_model
860.3,75.0,oil,402.9,1.0,39.9,1280.4,989.5,18.2,41.4,physics_model
835.7,150.0,oil,385.6,2.0,38.6,1327.0,1019.1,15.7,35.3,physics_model
869.1,150.0,oil,412.6,2.0,37.7,1175.7,936.7,19.2,42.2,physics_model
841.4,75.0,oil,623.6,1.0,20.6,764.5,546.4,27.8,55.4,physics_model
858.2,75.0,oil,611.5,1.0,20.4,762.9,537.4,23.6,53.4,physics_model
863.2,13.0,oil,595.3,0.5,22.3,792.2,581.6,24.7,54.2,physics_model
833.1,25.0,oil,532.4,2.0,25.7,905.8,613.3,24.9,50.9,physics_model
831.6,75.0,oil,519.3,0.5,28.3,948.6,748.1,20.6,48.6,physics_model
845.5,50.0,air,387.7,2.0,38.5,1224.0,1063.7,19.0,41.5,physics_model
868.6,150.0,oil,402.4,4.0,36.2,1245.3,925.7,20.7,45.5,physics_model
854.6,75.0,water,642.1,2.0,18.6,734.8,524.2,24.4,55.5,physics_model
865.2,25.0,oil,565.7,0.5,24.3,864.5,635.1,24.2,49.0,physics_model
869.5,25.0,water,295.6,2.0,48.0,1566.8,1353.4,13.3,34.6,physics_model
870.5,75.0,water,222.0,0.5,51.4,1813.4,1663.9,10.4,28.6,physics_model
859.0,13.0,water,608.0,2.0,19.7,806.5,528.4,23.0,61.8,physics_model
843.6,75.0,oil,536.7,0.5,27.6,918.3,643.3,25.6,50.4,physics_model
861.6,50.0,air,386.6,4.0,37.9,1222.9,1025.7,16.9,41.4,physics_model
841.5,13.0,oil,247.8,1.0,51.7,1646.8,1434.1,12.0,27.9,physics_model
868.1,25.0,water,205.3,2.0,51.8,1826.9,1551.3,8.7,28.8,physics_model
829.4,100.0,oil,476.6,0.5,32.8,1121.5,783.3,20.6,48.8,physics_model
839.7,150.0,oil,564.3,1.0,24.5,866.3,623.4,22.0,49.5,physics_model
834.3,75.0,oil,519.6,4.0,25.5,860.3,646.3,24.6,53.7,physics_model
854.8,150.0,air,566.3,0.5,24.8,825.5,607.5,22.3,52.9,physics_model
870.8,150.0,air,205.5,2.0,39.1,1256.7,975.9,17.7,41.3,physics_model
836.0,75.0,air,367.8,0.5,40.9,1273.1,1045.4,18.1,40.2,physics_model
869.8,25.0,air,232.1,1.0,39.8,1372.1,1020.8,15.6,39.3,physics_model
840.3,13.0,oil,447.6,4.0,32.7,1029.8,837.4,20.0,44.6,physics_model
832.0,25.0,oil,202.5,4.0,51.2,1751.3,1534.5,11.1,28.9,physics_model
870.4,150.0,oil,458.6,1.0,33.0,1105.3,895.3,20.4,49.4,physics_model
864.6,50.0,water,370.5,1.0,43.1,1280.8,1182.9,15.9,36.0,physics_model
865.4,100.0,oil,627.4,2.0,19.4,780.3,528.9,24.7,56.7,physics_model
831.1,13.0,oil,278.6,1.0,49.5,1621.0,1484.2,11.4,34.3,physics_model
871.3,25.0,oil,475.1,2.0,31.9,1024.3,742.8,18.7,45.1,physics_model
854.0,25.0,oil,520.3,1.0,27.4,907.7,712.7,22.7,52.0,physics_model
848.8,150.0,oil,581.1,4.0,20.8,813.6,552.4,22.9,55.0,physics_model
840.2,75.0,oil,596.5,1.0,22.8,808.3,550.4,24.5,52.3,physics_model
851.2,75.0,water,652.7,4.0,17.8,751.5,494.6,25.7,59.4,physics_model
868.1,25.0,air,595.6,1.0,21.8,807.1,525.8,24.8,49.5,physics_model
839.7,150.0,air,550.6,2.0,24.2,891.9,582.2,25.8,49.1,physics_model
833.6,25.0,water,267.7,0.5,49.3,1702.4,1520.8,10.6,30.2,physics_model
868.4,150.0,air,341.0,2.0,38.9,1191.6,1001.1,18.1,35.6,physics_model
828.7,150.0,oil,564.3,0.5,25.6,887.0,611.9,23.5,50.7,physics_model
829.5,75.0,oil,552.6,4.0,23.5,841.3,555.3,24.9,57.2,physics_model
865.0,50.0,oil,341.4,4.0,42.5,1385.3,1201.0,16.6,43.2,physics_model
864.9,25.0,oil,400.0,1.0,40.4,1303.6,1035.0,18.3,41.0,physics_model
861.0,25.0,air,247.1,1.0,40.9,1261.1,1040.0,16.9,39.5,physics_model
830.8,50.0,oil,639.8,0.5,19.0,778.6,496.4,25.7,57.7,physics_model
831.6,150.0,oil,353.8,0.5,43.5,1475.7,1186.1,15.7,34.8,physics_model
858.1,50.0,oil,627.6,0.5,21.0,824.6,511.4,26.3,58.1,physics_model
858.8,50.0,oil,640.5,0.5,20.1,794.3,539.8,23.1,56.7,physics_model
843.7,100.0,oil,354.1,2.0,43.3,1326.0,1130.3,16.1,38.2,physics_model
831.6,13.0,water,533.2,4.0,24.2,867.1,582.8,23.3,48.2,physics_model
866.6,25.0,oil,400.3,1.0,38.4,1346.3,1050.4,17.8,39.5,physics_model
840.2,50.0,oil,610.8,1.0,20.7,805.7,518.5,23.5,54.1,physics_model
855.3,50.0,oil,593.0,1.0,22.2,811.6,537.8,26.7,51.1,physics_model
829.7,100.0,oil,232.4,2.0,50.6,1791.0,1490.0,11.3,27.4,physics_model
843.7,75.0,oil,447.6,4.0,31.6,1089.0,782.1,19.5,47.9,physics_model
870.0,100.0,oil,487.5,1.0,31.1,965.4,758.9,20.1,46.2,physics_model
841.4,25.0,water,504.1,4.0,26.3,935.8,646.2,23.6,47.9,physics_model
833.1,13.0,water,401.6,2.0,38.5,1219.1,961.8,17.9,43.5,physics_model
859.2,100.0,oil,417.2,1.0,38.7,1217.4,944.1,18.9,40.9,physics_model
871.9,13.0,oil,432.7,0.5,37.5,1193.1,951.1,19.4,42.1,physics_model
851.4,75.0,water,459.3,2.0,32.0,1050.1,799.3,22.6,44.9,physics_model
863.1,50.0,oil,386.8,0.5,42.4,1389.2,1085.2,15.7,39.1,physics_model
861.2,13.0,water,357.6,0.5,44.6,1453.4,1185.9,16.8,36.4,physics_model
835.2,150.0,oil,626.7,0.5,20.9,782.8,562.2,23.6,56.1,physics_model
856.8,25.0,water,355.2,1.0,43.0,1409.0,1114.1,15.8,39.6,physics_model
840.2,13.0,oil,414.2,2.0,37.4,1204.3,953.2,18.8,40.0,physics_model
841.0,100.0,oil,472.2,2.0,32.3,988.6,778.8,19.9,54.1,physics_model
838.4,150.0,oil,232.0,0.5,50.7,1664.3,1618.3,11.8,29.0,physics_model
871.0,75.0,water,355.9,2.0,43.4,1338.8,1072.6,16.5,38.2,physics_model
869.0,150.0,oil,417.4,1.0,37.3,1243.0,940.0,18.9,43.3,physics_model
869.6,100.0,air,292.1,2.0,38.7,1291.2,1086.9,17.3,43.1,physics_model
838.0,75.0,water,472.8,1.0,32.2,1091.1,767.0,20.7,48.6,physics_model
844.8,150.0,oil,341.0,4.0,42.6,1379.6,1099.3,16.5,37.7,physics_model
837.0,25.0,water,488.3,1.0,30.6,990.2,762.6,21.8,50.7,physics_model
863.5,13.0,oil,551.1,2.0,24.3,831.6,578.5,24.6,52.2,physics_model
854.4,100.0,oil,597.4,1.0,21.6,815.0,579.8,24.2,55.5,physics_model
868.4,75.0,oil,504.4,1.0,29.4,943.7,704.1,22.5,52.0,physics_model
834.3,25.0,oil,488.5,2.0,30.1,1013.4,721.7,22.9,51.6,physics_model
844.4,13.0,oil,264.9,0.5,51.6,1646.2,1510.8,11.5,30.7,physics_model
841.6,75.0,oil,222.9,1.0,52.0,1708.4,1566.4,11.1,28.9,physics_model
865.8,100.0,oil,371.7,2.0,41.3,1402.5,1025.2,17.0,39.8,physics_model
836.3,13.0,oil,457.1,1.0,35.1,1079.2,814.2,18.1,47.3,physics_model
848.5,13.0,oil,293.3,2.0,48.1,1669.3,1416.6,14.1,33.6,physics_model
854.4,13.0,water,416.7,0.5,38.7,1193.6,995.3,17.7,39.8,physics_model
828.2,75.0,water,341.4,1.0,44.1,1450.2,1216.4,15.5,35.7,physics_model
829.5,13.0,oil,204.3,2.0,53.7,1923.3,1577.5,10.8,28.7,physics_model
830.6,100.0,oil,533.0,2.0,24.9,933.0,651.9,23.7,54.4,physics_model
833.5,100.0,oil,293.0,1.0,48.3,1587.7,1422.8,14.1,31.1,physics_model
834.6,75.0,oil,252.9,4.0,50.2,1639.5,1454.4,11.3,29.8,physics_model
850.7,100.0,oil,431.8,1.0,35.0,1097.7,878.8,17.1,45.5,physics_model
835.9,25.0,oil,311.0,2.0,47.2,1473.9,1232.4,14.1,37.1,physics_model
850.2,100.0,oil,415.6,1.0,37.9,1219.6,956.2,18.4,42.8,physics_model
871.1,25.0,oil,566.7,0.5,25.7,854.5,614.0,25.0,49.6,physics_model
831.8,150.0,oil,446.8,4.0,32.2,1035.4,784.0,21.0,46.9,physics_model
851.8,25.0,oil,502.5,2.0,28.8,907.1,680.4,24.3,51.0,physics_model
870.8,25.0,oil,382.9,0.5,43.7,1382.9,1119.9,15.8,41.1,physics_model
861.9,100.0,oil,277.8,0.5,51.6,1694.7,1426.0,11.9,30.9,physics_model
868.8,25.0,oil,567.1,1.0,23.8,808.5,607.8,24.7,52.1,physics_model
850.6,50.0,oil,277.1,4.0,49.2,1583.8,1394.4,12.8,33.0,physics_model
855.0,25.0,water,325.8,4.0,44.7,1428.3,1078.3,15.0,34.6,physics_model
851.1,13.0,water,518.5,4.0,25.7,888.5,599.4,22.4,51.1,physics_model
863.8,25.0,air,279.1,4.0,39.8,1337.5,1107.2,16.8,43.0,physics_model
859.5,25.0,oil,324.4,2.0,45.0,1452.4,1228.0,15.3,35.2,physics_model
859.9,50.0,water,534.3,4.0,24.6,818.0,651.0,24.1,52.0,physics_model
856.8,100.0,oil,594.6,0.5,22.6,847.5,577.0,24.4,53.1,physics_model
840.0,25.0,oil,279.8,4.0,46.1,1485.3,1427.6,13.5,33.1,physics_model
844.5,25.0,water,414.2,2.0,36.4,1168.4,932.3,20.4,43.3,physics_model
858.1,13.0,air,535.8,2.0,24.2,862.7,641.4,23.0,48.4,physics_model
869.1,100.0,air,234.3,0.5,39.9,1283.8,1052.6,17.7,35.6,physics_model
866.3,150.0,oil,250.9,4.0,50.3,1589.1,1526.9,12.9,31.6,physics_model
863.5,100.0,oil,592.2,2.0,21.5,817.1,562.0,24.1,53.4,physics_model
835.6,150.0,oil,491.9,2.0,30.0,948.2,754.3,22.6,51.3,physics_model
836.0,75.0,water,622.5,0.5,21.3,815.7,553.5,24.0,54.1,physics_model
831.6,25.0,oil,607.3,1.0,20.5,758.0,543.5,22.7,58.3,physics_model
829.1,13.0,oil,414.4,4.0,36.6,1080.5,860.9,18.8,46.9,physics_model
845.5,150.0,air,282.0,0.5,41.2,1317.4,1036.3,16.5,40.6,physics_model
844.4,75.0,oil,534.1,2.0,26.2,917.7,633.6,22.7,49.2,physics_model
856.3,13.0,water,549.0,0.5,26.2,939.9,679.1,20.4,53.1,physics_model
829.1,13.0,water,204.5,2.0,53.5,1763.0,1583.8,9.8,30.0,physics_model
864.6,50.0,oil,323.9,4.0,45.2,1435.0,1234.6,14.1,38.2,physics_model
844.8,25.0,water,627.9,1.0,20.5,826.4,497.6,22.6,56.5,physics_model
835.3,13.0,oil,580.7,4.0,21.3,814.6,514.2,22.6,55.8,physics_model
860.4,25.0,oil,292.6,2.0,46.9,1603.2,1377.7,14.1,34.0,physics_model
830.5,50.0,oil,639.6,0.5,20.7,800.8,502.3,23.2,53.9,physics_model
849.8,25.0,oil,294.1,0.5,48.3,1502.5,1399.4,13.6,34.7,physics_model
858.4,50.0,oil,294.0,1.0,49.1,1662.0,1420.3,12.0,34.3,physics_model
868.5,75.0,oil,533.0,1.0,25.6,870.3,645.5,23.4,51.3,physics_model
835.0,50.0,water,354.6,0.5,43.7,1393.2,1217.2,14.0,36.8,physics_model
835.1,25.0,oil,517.9,1.0,27.2,945.9,710.6,21.6,45.0,physics_model
849.8,150.0,oil,207.1,0.5,53.4,1746.0,1585.7,10.0,26.7,physics_model
858.5,50.0,oil,251.5,0.5,49.0,1790.9,1664.0,11.6,28.5,physics_model
864.3,25.0,water,372.0,0.5,42.7,1451.9,1138.9,15.6,38.5,physics_model
855.4,100.0,air,548.8,0.5,26.5,932.3,622.1,23.7,49.8,physics_model
868.1,50.0,oil,640.6,1.0,19.7,795.1,530.2,27.5,51.2,physics_model
830.8,50.0,water,338.3,4.0,46.4,1376.3,1159.1,15.7,39.8,physics_model
845.8,13.0,water,386.3,0.5,41.3,1364.0,1116.0,16.2,43.6,physics_model
861.7,100.0,oil,517.3,2.0,27.4,938.8,639.8,24.1,53.7,physics_model
839.9,150.0,oil,292.6,1.0,48.1,1654.5,1350.7,12.7,31.0,physics_model
830.8,150.0,oil,294.4,0.5,48.6,1716.1,1382.8,13.0,31.3,physics_model
864.0,50.0,oil,399.8,0.5,41.5,1231.4,1031.9,15.9,40.3,physics_model
859.0,75.0,oil,567.6,0.5,24.0,871.8,596.1,24.0,53.8,physics_model
833.5,25.0,water,655.2,1.0,17.3,751.4,523.1,23.7,51.8,physics_model
870.5,50.0,water,279.5,4.0,48.2,1610.6,1312.6,13.6,32.2,physics_model
853.8,150.0,oil,204.4,2.0,51.8,1779.0,1482.5,10.9,28.4,physics_model
860.9,50.0,water,282.9,1.0,48.4,1648.0,1461.3,13.1,31.4,physics_model
830.1,75.0,water,221.2,1.0,54.4,1796.2,1595.2,10.8,28.4,physics_model
831.9,100.0,oil,598.0,0.5,22.3,819.3,606.6,24.7,51.3,physics_model
871.7,50.0,oil,552.3,2.0,24.3,836.7,645.2,24.0,52.9,physics_model
838.8,75.0,water,295.4,2.0,47.2,1641.8,1303.2,12.8,34.6,physics_model
844.9,75.0,water,339.9,2.0,45.6,1424.2,1106.3,15.2,34.8,physics_model
831.8,25.0,water,564.4,2.0,22.7,809.1,573.3,26.5,52.2,physics_model
843.8,75.0,oil,637.8,4.0,18.7,735.5,513.7,26.9,51.8,physics_model
859.8,75.0,water,278.7,2.0,48.2,1614.9,1403.1,12.1,32.0,physics_model
859.0,75.0,oil,293.5,4.0,46.5,1582.8,1347.4,13.7,34.6,physics_model
830.3,25.0,air,367.2,4.0,41.6,1292.0,1046.2,18.6,47.4,physics_model
865.2,75.0,oil,457.6,2.0,32.8,1052.1,819.7,18.8,45.9,physics_model
831.8,75.0,air,477.7,1.0,30.8,1026.2,749.0,19.0,47.7,physics_model
856.9,13.0,oil,400.8,2.0,37.7,1225.9,939.0,19.2,42.9,physics_model
860.9,25.0,oil,264.6,2.0,49.8,1653.8,1487.5,11.6,32.3,physics_model
844.2,50.0,oil,595.8,4.0,20.0,776.5,525.2,24.0,51.3,physics_model
831.3,13.0,oil,385.8,2.0,40.4,1253.5,1003.0,18.3,36.6,physics_model
840.8,25.0,oil,282.7,4.0,47.5,1612.0,1367.9,11.9,33.7,physics_model
870.1,100.0,oil,637.7,4.0,17.6,752.2,483.4,24.5,56.6,physics_model
840.1,75.0,water,487.8,2.0,30.3,949.8,716.8,21.6,48.2,physics_model
858.3,100.0,oil,505.9,0.5,29.9,980.0,701.9,22.2,48.0,physics_model
833.5,100.0,oil,307.4,2.0,47.6,1565.4,1359.4,13.5,36.9,physics_model
836.1,75.0,oil,547.6,2.0,24.5,839.1,599.0,26.4,53.5,physics_model
860.2,100.0,oil,551.1,0.5,25.9,903.8,626.5,23.6,51.6,physics_model
854.5,150.0,air,310.8,2.0,39.0,1368.3,985.4,17.0,41.6,physics_model
860.8,100.0,oil,207.7,1.0,51.4,1789.7,1530.5,9.8,31.3,physics_model
838.1,75.0,oil,505.7,4.0,26.9,920.3,633.8,22.4,50.9,physics_model
870.0,150.0,oil,203.2,2.0,50.9,1677.7,1490.4,10.4,28.4,physics_model
828.2,50.0,air,444.2,1.0,34.1,1135.3,868.8,18.1,43.0,physics_model
842.0,150.0,air,563.7,4.0,22.9,796.1,545.8,24.8,53.2,physics_model
835.8,75.0,oil,250.4,1.0,51.3,1693.8,1584.7,11.8,30.3,physics_model
851.5,150.0,oil,204.7,0.5,52.1,1706.3,1448.6,11.5,27.5,physics_model
864.7,50.0,oil,337.4,0.5,46.1,1613.5,1297.9,14.2,34.4,physics_model
851.4,50.0,water,519.9,0.5,29.9,962.3,661.9,23.1,49.4,physics_model
864.9,150.0,oil,341.8,2.0,43.8,1495.7,1176.8,16.5,37.1,physics_model
837.0,50.0,oil,205.5,0.5,53.1,1774.1,1562.4,8.7,28.7,physics_model
850.3,50.0,oil,551.8,4.0,22.6,847.8,573.7,25.3,53.3,physics_model
869.3,150.0,oil,609.6,2.0,20.3,732.7,525.2,27.0,54.5,physics_model
829.2,100.0,oil,218.5,2.0,50.6,1729.4,1526.6,11.5,30.0,physics_model
840.8,75.0,water,385.1,0.5,43.1,1332.1,1001.4,16.7,39.2,physics_model
853.9,50.0,air,487.7,0.5,31.7,1059.2,775.8,22.2,43.3,physics_model
833.2,25.0,oil,355.6,0.5,45.3,1423.1,1256.2,14.3,35.0,physics_model
834.8,13.0,water,564.3,1.0,24.1,853.7,609.2,22.7,51.1,physics_model
864.6,13.0,water,552.5,4.0,23.1,819.1,543.0,23.9,55.3,physics_model
844.8,50.0,oil,323.3,4.0,43.6,1492.6,1247.6,16.6,36.5,physics_model
846.4,50.0,air,413.3,2.0,36.6,1210.5,941.0,17.4,44.7,physics_model
849.5,50.0,oil,551.2,1.0,25.3,800.0,621.6,25.0,57.3,physics_model
840.1,75.0,oil,250.0,0.5,51.7,1691.8,1495.1,10.5,30.1,physics_model
838.7,100.0,air,581.9,0.5,23.0,867.5,570.4,21.9,55.6,physics_model
849.4,25.0,oil,520.9,0.5,28.4,978.3,718.8,25.2,44.3,physics_model
861.7,13.0,oil,547.1,2.0,23.8,850.2,592.4,22.8,53.5,physics_model
846.7,100.0,oil,356.3,0.5,44.9,1436.9,1319.7,16.5,36.0,physics_model
851.4,25.0,oil,477.3,2.0,30.6,998.5,771.6,20.6,44.8,physics_model
846.6,13.0,oil,490.6,2.0,28.8,984.2,770.5,21.3,50.8,physics_model
835.0,100.0,oil,565.0,2.0,23.0,847.1,578.2,24.7,54.2,physics_model
860.8,100.0,air,566.7,0.5,23.9,836.8,610.6,24.3,54.7,physics_model
830.2,75.0,oil,461.9,4.0,30.6,945.3,772.4,20.8,44.5,physics_model
829.3,50.0,oil,562.9,1.0,25.4,823.0,601.4,23.4,48.9,physics_model
865.1,25.0,water,507.9,0.5,28.9,949.2,734.7,19.3,51.5,physics_model
828.5,13.0,oil,522.9,0.5,28.1,973.5,712.9,20.6,54.5,physics_model
854.3,50.0,oil,429.2,1.0,36.3,1167.7,954.7,20.2,41.7,physics_model
834.9,50.0,water,293.2,2.0,46.8,1552.1,1371.2,13.3,33.9,physics_model
839.3,25.0,water,232.3,2.0,51.9,1747.8,1489.3,12.5,29.6,physics_model
850.9,25.0,oil,638.9,1.0,19.5,727.1,485.2,24.7,54.6,physics_model
865.6,150.0,oil,341.4,4.0,42.8,1403.9,1069.1,16.4,35.6,physics_model
838.1,75.0,oil,356.0,2.0,43.1,1311.5,1061.9,16.4,40.0,physics_model
828.0,100.0,oil,339.5,2.0,46.9,1368.7,1150.0,15.6,37.2,physics_model
851.5,150.0,oil,637.4,4.0,17.5,769.7,491.0,24.8,54.5,physics_model
840.1,13.0,air,401.8,1.0,39.9,1249.4,946.8,18.5,40.6,physics_model
855.1,100.0,oil,507.7,0.5,29.7,975.7,715.1,22.5,50.5,physics_model
835.7,50.0,oil,280.8,0.5,50.1,1565.1,1444.7,12.6,32.3,physics_model
846.9,25.0,water,401.8,4.0,35.7,1197.7,956.9,18.4,45.8,physics_model
839.5,50.0,oil,582.2,1.0,21.9,834.1,562.0,23.7,54.9,physics_model
843.3,25.0,oil,352.8,0.5,46.6,1459.6,1182.9,15.2,37.9,physics_model
841.5,50.0,oil,432.1,1.0,35.2,1174.4,944.4,19.7,44.4,physics_model
871.3,13.0,oil,610.1,0.5,21.3,794.9,563.8,24.9,55.2,physics_model
831.6,50.0,oil,264.1,1.0,51.2,1778.7,1413.9,12.4,32.1,physics_model
835.2,13.0,oil,427.6,2.0,35.6,1165.0,878.9,20.1,45.8,physics_model
844.3,75.0,water,638.3,0.5,20.0,762.3,505.2,23.1,55.6,physics_model
855.4,150.0,oil,322.3,0.5,48.9,1593.8,1351.5,14.7,29.5,physics_model
833.5,150.0,oil,277.0,1.0,49.4,1631.8,1457.7,13.2,31.5,physics_model
866.1,75.0,oil,431.2,1.0,35.8,1206.3,907.5,16.8,44.2,physics_model
859.7,13.0,oil,206.2,2.0,53.8,1852.3,1530.5,10.5,29.2,physics_model
851.0,100.0,oil,399.2,0.5,40.8,1300.7,1057.5,18.4,40.4,physics_model
861.3,25.0,oil,429.4,1.0,35.3,1203.2,920.7,20.8,40.9,physics_model
853.2,100.0,oil,582.6,0.5,23.0,826.0,578.4,24.0,55.5,physics_model
836.6,25.0,oil,417.5,1.0,37.2,1256.3,938.9,18.3,39.9,physics_model
864.9,50.0,oil,443.3,4.0,32.0,1037.4,758.7,19.4,45.7,physics_model
841.0,13.0,oil,402.9,0.5,39.7,1277.0,981.9,18.5,37.3,physics_model
841.6,25.0,water,322.8,1.0,45.7,1557.9,1279.9,13.6,32.9,physics_model
846.0,75.0,oil,327.9,2.0,44.3,1479.7,1186.0,15.6,35.0,physics_model
833.5,75.0,water,277.2,0.5,51.7,1580.9,1394.0,10.3,33.7,physics_model
845.0,50.0,air,281.8,1.0,40.6,1308.7,1033.9,15.4,43.6,physics_model
858.8,25.0,oil,279.3,4.0,47.9,1564.8,1399.3,13.3,34.9,physics_model
851.7,75.0,oil,326.6,2.0,44.1,1390.2,1241.9,13.2,36.6,physics_model
850.3,75.0,oil,338.6,4.0,43.0,1366.4,1118.9,15.2,39.8,physics_model
860.6,50.0,water,611.9,2.0,19.4,769.5,511.8,25.9,50.4,physics_model
869.7,100.0,oil,218.4,4.0,52.4,1741.9,1580.9,10.3,26.3,physics_model
859.0,75.0,oil,461.1,0.5,34.1,1142.3,863.9,19.5,46.2,physics_model
830.4,75.0,oil,626.1,0.5,21.2,818.2,556.1,25.6,55.1,physics_model
834.6,13.0,air,522.6,4.0,24.6,855.7,619.6,20.9,54.5,physics_model
869.1,75.0,oil,547.8,0.5,25.2,901.5,638.1,21.9,54.4,physics_model
870.9,13.0,oil,504.5,0.5,29.9,990.2,765.2,22.1,46.2,physics_model
845.4,50.0,oil,578.7,2.0,22.1,880.7,553.7,24.8,51.9,physics_model
869.2,50.0,oil,205.7,4.0,51.7,1827.8,1537.8,9.1,30.8,physics_model
869.9,25.0,water,353.2,4.0,41.6,1282.6,1096.0,17.0,40.2,physics_model
861.9,75.0,water,266.2,0.5,51.3,1696.0,1432.3,11.7,29.8,physics_model
858.9,25.0,oil,207.0,4.0,51.7,1774.3,1609.8,11.4,28.7,physics_model
871.9,150.0,oil,385.9,4.0,36.9,1232.8,983.7,18.1,45.0,physics_model
839.0,75.0,oil,324.6,4.0,45.0,1425.0,1279.5,16.2,38.0,physics_model
854.5,100.0,oil,625.7,0.5,20.7,807.8,541.1,22.4,55.7,physics_model
848.7,150.0,oil,355.6,2.0,42.5,1448.2,1100.9,13.4,40.9,physics_model
841.8,50.0,water,250.1,0.5,52.2,1799.1,1548.8,11.0,28.8,physics_model
870.8,50.0,water,237.7,2.0,52.1,1701.4,1449.9,10.8,29.3,physics_model
865.3,150.0,oil,265.2,2.0,49.7,1626.3,1411.6,11.3,32.2,physics_model
854.6,150.0,oil,627.1,4.0,18.4,785.5,506.7,26.0,56.6,physics_model
838.7,50.0,water,642.6,1.0,19.4,796.6,508.5,23.7,54.8,physics_model
851.1,100.0,oil,217.5,1.0,53.3,1730.2,1585.0,10.7,26.5,physics_model
840.4,100.0,air,490.4,0.5,31.1,1001.6,761.9,23.4,48.5,physics_model
828.9,50.0,oil,237.4,0.5,50.3,1638.8,1547.2,11.5,31.0,physics_model
833.6,150.0,oil,218.8,1.0,52.6,1706.3,1463.7,10.6,32.2,physics_model
855.3,150.0,oil,278.4,2.0,48.3,1590.1,1489.1,14.3,31.7,physics_model
865.5,150.0,oil,402.8,0.5,39.9,1283.5,1061.9,16.7,42.2,physics_model
866.9,100.0,oil,280.0,1.0,49.1,1585.3,1403.1,11.5,31.2,physics_model
833.6,100.0,oil,596.2,1.0,21.0,814.1,572.3,26.0,53.7,physics_model
851.1,150.0,oil,638.8,2.0,18.2,744.6,487.6,26.5,52.4,physics_model
866.0,25.0,air,279.9,2.0,40.4,1312.2,1101.8,16.4,36.9,physics_model
859.9,150.0,air,535.1,4.0,24.4,835.0,617.7,23.3,50.9,physics_model
831.5,75.0,water,204.4,4.0,53.7,1762.4,1542.9,11.2,28.6,physics_model
860.6,75.0,water,294.6,4.0,47.1,1661.8,1324.8,14.5,34.9,physics_model
853.1,100.0,oil,203.7,0.5,51.9,1743.2,1544.6,9.9,30.8,physics_model
831.1,75.0,water,412.2,2.0,38.1,1157.1,993.7,19.0,46.4,physics_model
865.9,50.0,oil,491.7,4.0,29.0,953.3,669.3,22.0,50.2,physics_model
839.7,150.0,oil,218.6,1.0,53.3,1780.6,1576.4,11.2,30.6,physics_model
861.7,50.0,air,476.1,0.5,32.2,1021.4,757.2,20.7,47.8,physics_model
851.2,50.0,water,293.8,0.5,49.3,1648.5,1436.6,12.3,29.8,physics_model
831.0,50.0,oil,595.7,1.0,21.5,814.7,586.5,22.9,53.6,physics_model
866.8,25.0,water,642.8,2.0,18.0,751.6,487.0,26.6,57.6,physics_model
843.4,150.0,oil,232.4,2.0,52.6,1747.8,1565.8,11.0,28.0,physics_model
854.6,150.0,oil,536.2,1.0,26.1,879.6,662.6,19.8,50.2,physics_model
861.8,50.0,oil,279.6,0.5,51.3,1643.7,1451.3,11.1,30.5,physics_model
871.0,50.0,oil,266.1,1.0,49.5,1645.4,1534.6,13.0,31.9,physics_model
871.1,100.0,oil,251.8,0.5,51.9,1795.3,1548.7,10.8,28.3,physics_model
844.8,75.0,oil,266.3,2.0,50.7,1660.5,1411.6,12.3,32.9,physics_model
834.6,50.0,water,578.2,1.0,22.3,866.8,573.3,24.7,55.3,physics_model
859.8,150.0,oil,488.6,4.0,28.6,974.3,710.4,20.4,54.6,physics_model
843.9,150.0,oil,549.3,4.0,23.6,816.7,561.2,26.4,55.7,physics_model
836.8,100.0,oil,337.1,4.0,42.1,1459.5,1172.0,15.2,38.2,physics_model
868.3,25.0,water,476.9,0.5,33.1,1114.6,828.0,23.0,48.4,physics_model
871.9,150.0,oil,476.8,2.0,31.1,999.9,722.8,21.0,53.5,physics_model
858.7,25.0,oil,492.4,4.0,27.7,880.2,682.2,23.1,53.2,physics_model
863.5,50.0,water,489.3,2.0,29.0,990.0,700.0,22.9,46.2,physics_model
846.8,150.0,air,474.8,4.0,29.5,1018.2,717.6,23.2,51.0,physics_model
831.9,150.0,air,490.0,2.0,28.8,996.4,740.0,21.3,44.5,physics_model
863.5,75.0,oil,460.6,4.0,31.1,1021.2,770.1,21.6,50.0,physics_model
844.1,75.0,oil,640.2,0.5,19.9,756.9,513.0,24.0,55.4,physics_model
843.9,100.0,oil,398.6,4.0,37.5,1195.2,1022.3,20.8,41.6,physics_model
846.3,150.0,oil,250.3,4.0,49.1,1681.7,1485.3,11.9,31.1,physics_model
860.3,150.0,oil,652.8,1.0,18.7,768.1,484.4,25.8,54.1,physics_model
850.9,25.0,oil,640.0,4.0,17.7,782.8,496.8,25.4,58.3,physics_model
836.6,150.0,oil,400.3,1.0,39.1,1317.6,954.5,18.9,36.6,physics_model
871.2,75.0,water,504.2,1.0,28.8,966.4,710.3,24.5,46.8,physics_model
846.0,25.0,oil,237.6,1.0,51.6,1713.3,1501.3,10.8,27.3,physics_model
844.4,25.0,water,609.5,1.0,20.5,792.2,584.4,27.6,51.6,physics_model
854.3,150.0,oil,593.4,2.0,21.4,797.2,558.6,25.2,52.8,physics_model
832.0,25.0,water,432.2,2.0,34.7,1097.2,859.3,16.9,45.1,physics_model
836.2,25.0,oil,564.2,1.0,24.0,850.5,593.2,21.8,54.8,physics_model
833.7,50.0,oil,221.0,1.0,51.4,1781.5,1532.2,11.4,31.1,physics_model
849.4,25.0,oil,281.7,0.5,49.6,1591.6,1427.2,12.9,28.4,physics_model
841.4,150.0,air,368.0,1.0,39.5,1329.7,1045.3,16.7,41.1,physics_model
843.5,100.0,oil,311.1,0.5,49.1,1573.5,1357.5,15.2,33.4,physics_model
831.6,13.0,water,443.6,0.5,35.7,1198.2,886.1,19.3,46.2,physics_model
863.0,75.0,water,266.7,2.0,48.5,1666.9,1516.0,12.8,33.3,physics_model
844.7,75.0,water,295.6,4.0,47.7,1550.9,1292.0,13.1,37.5,physics_model
841.8,50.0,oil,444.1,0.5,36.3,1179.5,933.3,18.4,41.4,physics_model
833.1,75.0,oil,427.6,0.5,36.8,1145.0,1038.7,18.3,44.0,physics_model
845.0,13.0,oil,547.8,4.0,22.8,858.5,578.9,25.6,56.4,physics_model
871.5,13.0,oil,416.6,2.0,37.8,1084.9,916.7,17.5,47.9,physics_model
844.2,25.0,water,296.5,2.0,49.3,1532.2,1225.7,14.4,36.3,physics_model
834.8,75.0,water,532.8,2.0,24.8,896.2,622.8,23.0,49.7,physics_model
870.0,25.0,oil,624.8,2.0,19.4,783.4,548.7,22.6,56.5,physics_model
859.4,25.0,oil,220.4,1.0,52.9,1779.8,1536.4,10.8,29.2,physics_model
865.7,75.0,oil,383.9,0.5,43.4,1369.6,1144.6,15.7,38.3,physics_model
863.5,13.0,oil,592.6,1.0,22.3,842.5,562.8,22.9,59.2,physics_model
846.7,150.0,oil,267.0,0.5,50.0,1646.9,1509.1,12.3,34.3,physics_model
851.5,25.0,oil,279.4,0.5,51.4,1592.8,1416.1,12.3,32.9,physics_model
833.1,50.0,water,579.1,0.5,23.4,824.0,596.4,28.0,53.8,physics_model
869.7,150.0,oil,277.2,0.5,51.3,1514.1,1573.8,12.2,31.6,physics_model
839.3,25.0,oil,325.1,2.0,45.0,1534.4,1206.9,14.2,38.4,physics_model
853.2,50.0,oil,217.9,1.0,54.3,1792.2,1588.7,11.3,30.7,physics_model
871.5,50.0,oil,417.5,2.0,37.5,1203.9,939.7,19.0,46.1,physics_model
858.5,50.0,air,592.4,0.5,23.0,840.2,590.8,21.9,52.1,physics_model
849.8,25.0,oil,353.5,1.0,43.2,1430.4,1137.7,15.4,38.6,physics_model
845.8,50.0,oil,581.1,4.0,21.0,835.2,517.0,24.0,60.3,physics_model
868.7,75.0,oil,639.5,2.0,18.4,741.3,482.4,25.1,51.6,physics_model
836.3,13.0,oil,251.5,4.0,52.4,1669.0,1454.5,11.3,30.4,physics_model
870.6,13.0,oil,566.2,0.5,24.9,829.8,610.8,21.5,53.1,physics_model
835.9,13.0,water,310.2,2.0,48.0,1453.6,1254.9,14.2,36.0,physics_model
829.1,25.0,oil,382.2,1.0,40.6,1311.6,1071.0,17.5,39.1,physics_model
854.5,150.0,oil,487.1,2.0,29.1,1008.9,707.1,21.2,49.5,physics_model
860.6,50.0,oil,521.4,4.0,25.3,865.4,600.8,21.7,52.4,physics_model
858.2,50.0,oil,307.1,0.5,46.8,1620.2,1467.7,13.0,31.4,physics_model
848.5,75.0,water,520.1,1.0,27.7,965.2,645.1,19.9,56.3,physics_model
858.1,13.0,oil,384.2,2.0,39.7,1282.9,947.1,17.3,40.7,physics_model
859.9,75.0,oil,563.8,4.0,21.0,782.5,564.3,23.7,52.7,physics_model
868.5,75.0,oil,522.9,1.0,27.5,957.3,682.4,24.2,51.8,physics_model
841.1,100.0,oil,442.3,2.0,34.5,1126.0,791.7,18.3,41.1,physics_model
845.6,25.0,oil,220.5,4.0,50.2,1683.4,1588.1,11.5,31.2,physics_model
843.6,25.0,oil,536.4,1.0,25.5,920.1,674.3,23.5,44.9,physics_model
836.2,150.0,oil,518.3,1.0,27.0,947.5,691.1,21.6,51.2,physics_model
866.5,50.0,air,473.3,4.0,29.7,924.4,690.2,22.1,53.9,physics_model
859.7,100.0,oil,639.9,1.0,19.1,785.2,487.8,26.2,55.3,physics_model
