Sample_ID,Property,Actual,Predicted
1,Hardness,46.7,46.40838384769446
2,Hardness,18.9,19.31844612998999
3,Hardness,18.8,19.250438182367866
4,Hardness,19.0,20.262700177893446
5,Hardness,27.7,27.8758490865674
6,Hardness,51.7,51.449568473544424
7,Hardness,22.7,22.90155056971581
8,Hardness,45.3,46.462231015079105
9,Hardness,26.1,26.687027553026233
10,Hardness,34.2,33.156321618983426
11,Hardness,27.5,27.524250704864855
12,Hardness,53.5,52.63021667097476
13,Hardness,30.8,31.20130933046065
14,Hardness,18.6,18.43339017468261
15,Hardness,24.0,24.416140714319827
16,Hardness,23.0,22.997387770396774
17,Hardness,48.4,48.730445648973145
18,Hardness,31.3,30.553919892913857
19,Hardness,24.8,24.7098782943747
20,Hardness,18.3,18.13922464708035
21,Hardness,41.1,41.095152789240636
22,Hardness,42.4,41.496492079300296
23,Hardness,24.1,23.7667120188092
24,Hardness,20.7,20.109169347561323
25,Hardness,22.1,21.832204126869012
26,Hardness,24.0,23.39650614954009
27,Hardness,51.1,49.94449222591711
28,Hardness,51.6,51.679280787017866
29,Hardness,39.3,39.65215420579062
30,Hardness,52.3,52.33521645681885
31,Hardness,19.1,19.26050444498256
32,Hardness,34.7,34.13326104849221
33,Hardness,46.6,45.44958485638227
34,Hardness,19.7,19.406476935416503
35,Hardness,35.9,35.66588637096428
36,Hardness,38.5,38.28551597659972
37,Hardness,51.4,50.243509033405296
38,Hardness,21.0,20.67398629108716
39,Hardness,22.1,21.832204126869012
40,Hardness,23.6,22.962673582102152
41,Hardness,24.5,23.727995843312023
42,Hardness,34.6,33.94168917117679
43,Hardness,52.9,51.97656071541843
44,Hardness,37.2,38.12540275259522
45,Hardness,40.8,41.51716332797022
46,Hardness,36.7,36.817487073378395
47,Hardness,53.5,52.451197509802014
48,Hardness,45.1,45.024788715249045
49,Hardness,41.5,41.47879749590423
50,Hardness,49.2,49.22490065663847
51,Hardness,32.6,33.16196346583946
52,Hardness,33.6,33.018476564399236
53,Hardness,43.3,43.21874369463972
54,Hardness,46.5,47.32775852735815
55,Hardness,27.7,27.383209901815633
56,Hardness,32.5,32.32851833396983
57,Hardness,19.7,19.996471764447676
58,Hardness,20.0,20.197582798286152
59,Hardness,47.4,45.84857028470793
60,Hardness,51.3,50.41159618783624
61,Hardness,50.3,49.97250354861684
62,Hardness,40.6,41.0292673674734
63,Hardness,50.9,51.57983373066431
64,Hardness,47.3,48.16167846855541
65,Hardness,49.1,49.21071535956949
66,Hardness,33.9,33.94265930135337
67,Hardness,51.7,51.38577997630416
68,Hardness,53.8,52.201223116391866
69,Hardness,42.1,41.390109285450336
70,Hardness,27.2,27.573765711211585
71,Hardness,42.3,42.648348285279276
72,Hardness,52.7,52.753241655830394
73,Hardness,33.5,33.99906501005189
74,Hardness,39.4,39.82479472983787
75,Hardness,35.1,35.67152603834396
76,Hardness,37.4,37.0527707785828
77,Hardness,48.4,49.03317947227565
78,Hardness,39.5,39.67183906711562
79,Hardness,47.6,45.84638631100456
80,Hardness,40.5,40.640325595959624
81,Hardness,24.2,24.93129479327552
82,Hardness,20.7,20.790640974003608
83,Hardness,37.9,37.622125922082155
84,Hardness,52.1,50.19887469139469
85,Hardness,41.4,41.29374123954187
86,Hardness,43.1,42.77193518216688
87,Hardness,27.7,27.550372714634968
88,Hardness,46.1,46.464105044549136
89,Hardness,32.7,33.2306352308942
90,Hardness,23.6,23.531752654766255
91,Hardness,30.8,31.012108817825492
92,Hardness,28.9,29.627267661199696
93,Hardness,47.0,47.94558304657218
94,Hardness,24.0,23.978024893700223
95,Hardness,31.0,30.885060933939556
96,Hardness,24.0,24.665682510918383
97,Hardness,28.0,28.562502015867718
98,Hardness,51.9,52.85228414944245
99,Hardness,17.4,17.56617050422136
100,Hardness,35.5,33.7395971131173
101,Hardness,50.9,52.2195148588816
102,Hardness,32.3,31.13389716934292
103,Hardness,41.1,40.6619817629204
104,Hardness,44.9,45.17152404677153
105,Hardness,48.4,48.71746926952088
106,Hardness,36.6,35.72038252625424
107,Hardness,50.7,49.480894395263526
108,Hardness,32.4,32.818860733675656
109,Hardness,28.1,28.257743947891807
110,Hardness,24.2,23.761464168743633
111,Hardness,53.0,51.60214358769007
112,Hardness,27.6,27.648501531246595
113,Hardness,20.4,20.601885419899112
114,Hardness,32.6,33.12968940745151
115,Hardness,47.4,48.93406869783388
116,Hardness,44.1,45.48860574299603
117,Hardness,30.0,30.931738788281553
118,Hardness,32.2,33.09023951217545
119,Hardness,43.9,42.648348285279276
120,Hardness,18.8,18.183261314783635
121,Hardness,17.3,18.483936080773432
122,Hardness,17.9,18.15376773500869
123,Hardness,49.7,49.023094960568166
124,Hardness,51.6,51.27992403979567
125,Hardness,45.3,45.01914686839301
126,Hardness,32.9,33.9587032265902
127,Hardness,50.8,50.37270879682254
128,Hardness,25.4,23.49171173082994
129,Hardness,49.3,50.66310433312815
130,Hardness,46.8,47.38589159855757
131,Hardness,36.2,36.27245051880546
132,Hardness,18.8,19.38982883320213
133,Hardness,50.7,52.035712729093845
134,Hardness,52.8,50.133793166475975
135,Hardness,30.7,31.133830846341063
136,Hardness,48.6,49.06969704359748
137,Hardness,33.6,33.953061379734166
138,Hardness,50.3,51.84362794661454
139,Hardness,47.0,47.95563808201684
140,Hardness,43.3,42.77193518216688
141,Hardness,21.0,20.752437381141398
142,Hardness,27.6,27.147988089105667
143,Hardness,30.0,30.28532885528831
144,Hardness,23.9,23.946928702508018
145,Hardness,49.0,51.52474590560175
146,Hardness,31.1,31.028036377097937
147,Hardness,43.1,42.65135692544646
148,Hardness,30.1,29.171660987462932
149,Hardness,49.6,49.329428847777585
150,Hardness,21.3,21.325867579160665
151,Hardness,19.9,20.056288560874712
152,Hardness,41.0,42.761100377243736
153,Hardness,49.5,49.459929272931845
154,Hardness,52.3,52.471551200375195
155,Hardness,34.5,34.83166486507932
156,Hardness,51.6,50.80505665141816
157,Hardness,47.9,49.01777100859982
158,Hardness,35.2,35.70224427007284
159,Hardness,40.9,40.11155697641367
160,Hardness,53.4,52.27863232606039
161,Hardness,42.0,42.72173221899922
162,Hardness,24.9,25.566516567052624
163,Hardness,45.7,44.87783195612807
164,Hardness,19.7,19.463666132073538
165,Hardness,32.3,31.136905809510104
166,Hardness,39.3,37.62310628651103
167,Hardness,31.2,30.420916637531185
168,Hardness,43.0,43.10436535231812
169,Hardness,41.4,40.42316801376064
170,Hardness,51.9,51.76605655989096
171,Hardness,39.1,39.38570974002424
172,Hardness,21.0,20.02982102338905
173,Hardness,27.7,27.55250515232998
174,Hardness,38.8,38.18811365956015
175,Hardness,40.6,41.25684552650061
176,Hardness,45.0,44.86563357000426
177,Hardness,19.4,19.318012582689374
178,Hardness,18.3,18.41494693603013
179,Hardness,48.5,49.186508982525524
180,Hardness,23.7,23.06383375439197
181,Hardness,49.5,48.743564900163925
182,Hardness,35.6,34.61724613963855
183,Hardness,21.5,21.747367279143702
184,Hardness,39.4,40.40825733206371
185,Hardness,50.9,50.786273486689595
186,Hardness,30.0,30.52408928034594
187,Hardness,26.2,25.96783542649748
188,Hardness,40.7,41.26346376039529
189,Hardness,21.0,20.712267317407445
190,Hardness,17.6,18.201840055842908
191,Hardness,23.8,23.564026713154217
192,Hardness,39.6,39.96684523815119
193,Hardness,24.2,24.53485420252792
194,Hardness,50.1,48.822582121787484
195,Hardness,33.2,33.28699674574499
196,Hardness,34.1,33.955356752167425
197,Hardness,52.2,51.86194949728198
198,Hardness,47.4,47.57052757040167
199,Hardness,25.3,24.95056483144556
200,Hardness,18.0,18.045664902864207
201,Hardness,39.9,40.16935068569542
202,Hardness,29.5,29.171660987462932
203,Hardness,21.4,21.271999963382523
204,Hardness,22.7,22.841337837575534
205,Hardness,20.4,19.845281261758224
206,Hardness,50.9,49.686934781802094
207,Hardness,44.1,45.01613822822583
208,Hardness,41.2,40.422558109742766
209,Hardness,31.6,32.27548421370346
210,Hardness,46.1,47.96082490358268
211,Hardness,49.6,50.18153948932259
212,Hardness,19.1,19.138974738039852
213,Hardness,21.0,20.76996972533368
214,Hardness,41.3,40.06613999479782
215,Hardness,48.6,49.33167526495743
216,Hardness,22.1,21.77796728107681
217,Hardness,51.7,50.38960520766719
218,Hardness,52.1,52.36541986338902
219,Hardness,25.2,26.018401517600825
220,Hardness,21.6,21.84445328447796
1,UTS,1432.3,1506.9874749373023
2,UTS,754.4,773.8389668685439
3,UTS,755.6,768.5639925925133
4,UTS,778.6,763.9173923849106
5,UTS,951.9,938.6744316286149
6,UTS,1646.8,1697.3255888055749
7,UTS,848.6,837.6879180616048
8,UTS,1477.3,1516.2248648907998
9,UTS,947.2,924.7667815780202
10,UTS,1012.0,1085.322106198427
11,UTS,957.3,927.1215431158568
12,UTS,1786.8,1789.9045086899023
13,UTS,971.3,992.7690724755203
14,UTS,777.3,769.0573423310199
15,UTS,835.8,848.131344933758
16,UTS,879.5,850.5634203063295
17,UTS,1600.0,1629.151114887903
18,UTS,987.9,1006.3445033002866
19,UTS,825.5,849.0966555295341
20,UTS,741.3,754.1787462586476
21,UTS,1313.4,1324.0581036247386
22,UTS,1357.6,1309.0182996317294
23,UTS,853.7,841.9398391905924
24,UTS,800.8,763.9173923849106
25,UTS,880.7,812.0458107182615
26,UTS,864.7,846.6907304713741
27,UTS,1647.0,1667.9409951604623
28,UTS,1713.3,1723.4019708221228
29,UTS,1269.5,1264.5631301130202
30,UTS,1601.6,1761.2450815401796
31,UTS,785.2,760.930297086314
32,UTS,1154.2,1114.0177351654177
33,UTS,1478.5,1453.9173050955055
34,UTS,777.7,775.5459362073377
35,UTS,1220.3,1163.8124933607467
36,UTS,1239.4,1222.1859292295117
37,UTS,1592.8,1635.0714226850735
38,UTS,792.1,785.8530610752157
39,UTS,806.7,806.9881689484705
40,UTS,816.7,852.8138474292903
41,UTS,866.3,846.8642581336975
42,UTS,1085.5,1116.8330729694521
43,UTS,1673.1,1759.102794144952
44,UTS,1184.7,1220.9454671055455
45,UTS,1300.7,1308.768354858748
46,UTS,1114.5,1187.0327921087903
47,UTS,1801.1,1769.0081126097512
48,UTS,1368.9,1453.0467033664177
49,UTS,1231.4,1310.5228827805984
50,UTS,1611.7,1636.159253194039
51,UTS,1118.4,1091.0133886311194
52,UTS,1028.8,1061.1866556071207
53,UTS,1401.7,1387.8047327710815
54,UTS,1560.7,1524.6046666369414
55,UTS,880.2,939.4883010319292
56,UTS,1039.2,1058.098262747461
57,UTS,778.0,782.0194468136295
58,UTS,813.6,774.3393364139065
59,UTS,1542.6,1478.5145142685492
60,UTS,1650.8,1674.8978149129518
61,UTS,1797.4,1667.9409951604623
62,UTS,1287.0,1367.0673533357742
63,UTS,1738.8,1698.265551864415
64,UTS,1539.1,1566.4975837383242
65,UTS,1585.3,1640.4139064402311
66,UTS,1088.2,1105.5674980714252
67,UTS,1697.1,1699.593627227531
68,UTS,1852.3,1760.62906501293
69,UTS,1358.0,1321.490594480621
70,UTS,945.7,931.2790411201196
71,UTS,1264.1,1369.9229511758185
72,UTS,1793.2,1831.9933718577888
73,UTS,1060.2,1125.7405158318375
74,UTS,1284.3,1276.6012926092224
75,UTS,1096.0,1150.2761079848367
76,UTS,1204.3,1185.878177773393
77,UTS,1648.0,1628.3678760317755
78,UTS,1251.2,1277.9094527084837
79,UTS,1536.5,1469.8025082711742
80,UTS,1287.6,1305.2908724160543
81,UTS,862.7,875.1650310705088
82,UTS,807.8,795.5342740206498
83,UTS,1222.9,1218.1454849325942
84,UTS,1774.6,1659.0856697299073
85,UTS,1328.2,1298.6141546320391
86,UTS,1347.7,1388.1485354997697
87,UTS,930.5,941.8453941783999
88,UTS,1481.5,1517.7764466392987
89,UTS,1077.2,1089.3080150656688
90,UTS,820.4,848.8885463313085
91,UTS,1024.8,999.3086705941419
92,UTS,949.2,975.0110417043552
93,UTS,1562.0,1578.2089530065903
94,UTS,834.2,849.748318444729
95,UTS,985.6,994.9464947059653
96,UTS,871.8,849.5349530545737
97,UTS,943.7,946.8680627456484
98,UTS,1743.2,1734.1235768088181
99,UTS,751.8,753.814984039126
100,UTS,1047.1,1123.3194611341673
101,UTS,1677.7,1745.3080165814981
102,UTS,997.2,1006.0198294960396
103,UTS,1230.8,1303.266581222563
104,UTS,1436.9,1443.8914596041798
105,UTS,1666.0,1621.007205927003
106,UTS,1080.5,1156.7795391513657
107,UTS,1660.5,1635.5133874125784
108,UTS,1048.4,1079.7770159636332
109,UTS,965.0,955.0692040477663
110,UTS,891.9,860.3404193129143
111,UTS,1707.3,1739.4308491979928
112,UTS,918.3,938.5662390830862
113,UTS,762.9,786.2913586002553
114,UTS,1100.4,1095.2654906058476
115,UTS,1600.5,1618.5707742548789
116,UTS,1450.2,1466.878001991033
117,UTS,997.2,1000.8679945336984
118,UTS,1021.4,1064.8692363263465
119,UTS,1350.5,1381.7216124201693
120,UTS,755.5,755.5236375967943
121,UTS,751.4,753.9229145049079
122,UTS,728.5,756.0814536799176
123,UTS,1626.3,1624.212102021106
124,UTS,1646.2,1685.1953495631385
125,UTS,1477.7,1458.224909181338
126,UTS,1109.1,1078.9489501975763
127,UTS,1675.4,1667.21685353543
128,UTS,823.0,845.3356813151204
129,UTS,1702.4,1675.6299151988928
130,UTS,1573.9,1520.184482505959
131,UTS,1198.0,1197.1193111106006
132,UTS,774.4,769.1220601944237
133,UTS,1664.3,1765.3192310896106
134,UTS,1740.3,1670.2306435532964
135,UTS,1022.4,1002.3578006035381
136,UTS,1644.1,1633.0629286285375
137,UTS,1140.5,1108.9064211380594
138,UTS,1748.5,1771.7525462426388
139,UTS,1634.1,1566.6022123155171
140,UTS,1326.0,1393.0093262701591
141,UTS,796.6,796.3491412559897
142,UTS,932.6,935.1020263943706
143,UTS,994.9,997.6280136723606
144,UTS,846.8,851.4567721348916
145,UTS,1790.9,1711.6815545539464
146,UTS,1021.2,993.4379183500461
147,UTS,1311.5,1373.9959128185164
148,UTS,1013.4,976.013156327147
149,UTS,1739.4,1639.7992322821376
150,UTS,804.8,816.9340608892292
151,UTS,756.9,774.6888440978736
152,UTS,1396.5,1337.9844772738784
153,UTS,1621.0,1639.5528297874519
154,UTS,1844.3,1780.3863697922798
155,UTS,1093.6,1134.5313791720337
156,UTS,1652.1,1688.029391636975
157,UTS,1538.6,1614.0285453714941
158,UTS,1174.4,1168.2665132309282
159,UTS,1283.5,1316.4643775982329
160,UTS,1746.0,1768.031746193815
161,UTS,1295.7,1341.9607497285535
162,UTS,933.0,885.3384180604813
163,UTS,1350.4,1450.4792512604233
164,UTS,797.6,766.5724564779888
165,UTS,988.6,1009.841234476562
166,UTS,1218.7,1217.514547618008
167,UTS,979.6,990.0609329664775
168,UTS,1409.0,1391.9086269713184
169,UTS,1300.6,1315.022474969974
170,UTS,1747.8,1739.7263142434635
171,UTS,1256.7,1342.151166972163
172,UTS,781.0,789.7074466079715
173,UTS,939.9,941.6835677857151
174,UTS,1212.1,1234.5053142443553
175,UTS,1306.9,1300.1134135022928
176,UTS,1425.0,1452.9618146282646
177,UTS,783.4,761.8666042173302
178,UTS,694.3,771.3039299144738
179,UTS,1666.9,1630.1228204373174
180,UTS,852.7,847.229368132216
181,UTS,1660.6,1627.8997745890335
182,UTS,1091.2,1125.475951945592
183,UTS,768.8,813.0606466938075
184,UTS,1315.8,1298.1427818235102
185,UTS,1737.5,1670.406246787671
186,UTS,967.9,1007.0607526787496
187,UTS,898.4,917.4866328911171
188,UTS,1262.0,1317.415068453011
189,UTS,824.6,793.2194867887113
190,UTS,752.2,753.9017875887192
191,UTS,808.5,835.8828612010199
192,UTS,1320.8,1277.4085370830896
193,UTS,826.6,848.131344933758
194,UTS,1661.0,1633.9275014181856
195,UTS,1112.4,1067.1712480104013
196,UTS,1074.5,1119.8246397848434
197,UTS,1844.1,1767.3788402097641
198,UTS,1544.7,1549.0619220628187
199,UTS,800.0,862.6459236413093
200,UTS,741.3,757.7541139631978
201,UTS,1283.8,1314.6259290913629
202,UTS,931.8,976.1177849043397
203,UTS,797.2,807.4138494741607
204,UTS,850.4,845.3650113080433
205,UTS,776.4,771.2976976149263
206,UTS,1649.6,1642.4902472317174
207,UTS,1390.2,1445.5073146080183
208,UTS,1323.0,1304.4638625193286
209,UTS,1101.3,1049.069206000556
210,UTS,1485.3,1610.5479641471422
211,UTS,1588.0,1645.590775209989
212,UTS,765.1,763.4197879208962
213,UTS,793.3,786.7444375116296
214,UTS,1275.7,1296.0787835512328
215,UTS,1716.1,1631.3882024555362
216,UTS,761.8,816.5550495992153
217,UTS,1580.9,1636.3124324032449
218,UTS,1706.3,1767.063479424428
219,UTS,901.5,913.2806053706207
220,UTS,776.3,810.8315070059717
1,Yield Strength,1238.5,1255.9856501019483
2,Yield Strength,507.3,520.1547367647042
3,Yield Strength,530.3,508.1807117819229
4,Yield Strength,496.4,524.0063469049979
5,Yield Strength,639.9,682.1454894120571
6,Yield Strength,1434.1,1511.6727045546597
7,Yield Strength,559.4,572.7929381891183
8,Yield Strength,1319.1,1268.402291256044
9,Yield Strength,639.8,642.9338179177705
10,Yield Strength,826.9,838.1752385981845
11,Yield Strength,682.4,669.358600051119
12,Yield Strength,1646.0,1606.5459885417306
13,Yield Strength,818.1,753.512028144535
14,Yield Strength,490.7,512.9551184007042
15,Yield Strength,569.8,604.803505658822
16,Yield Strength,610.9,566.7548734674423
17,Yield Strength,1403.2,1384.0912278668186
18,Yield Strength,762.8,745.3676296936176
19,Yield Strength,607.5,611.7695654463948
20,Yield Strength,482.6,504.47749626564774
21,Yield Strength,1051.4,1067.1574136887016
22,Yield Strength,1075.6,1071.4618485919323
23,Yield Strength,609.2,594.3125800474322
24,Yield Strength,502.3,524.0063469049979
25,Yield Strength,553.7,554.311210482086
26,Yield Strength,584.5,578.2823746938174
27,Yield Strength,1473.6,1467.6036592062194
28,Yield Strength,1501.3,1523.8163531642438
29,Yield Strength,1019.2,988.3037093071588
30,Yield Strength,1568.3,1558.4420259379037
31,Yield Strength,487.8,507.71589289458666
32,Yield Strength,852.8,844.222779492034
33,Yield Strength,1167.6,1211.7437841189328
34,Yield Strength,525.5,517.5079290464262
35,Yield Strength,926.5,908.1263717516287
36,Yield Strength,1026.7,971.984142659961
37,Yield Strength,1416.1,1420.0059148134862
38,Yield Strength,548.2,546.4053894900862
39,Yield Strength,578.2,558.8390509178515
40,Yield Strength,561.2,567.6295014376678
41,Yield Strength,623.4,597.2970808344086
42,Yield Strength,808.0,838.9323064219969
43,Yield Strength,1614.2,1564.4168172938228
44,Yield Strength,990.0,948.3837253215606
45,Yield Strength,1057.5,1071.1827119773288
46,Yield Strength,932.5,923.771083463979
47,Yield Strength,1601.2,1574.2086907526282
48,Yield Strength,1223.0,1209.907569151587
49,Yield Strength,1031.9,1069.432263063284
50,Yield Strength,1294.6,1429.2042046106747
51,Yield Strength,777.7,841.4173394126428
52,Yield Strength,804.3,803.3597606771986
53,Yield Strength,1148.5,1136.1393201819524
54,Yield Strength,1337.6,1329.6111216881743
55,Yield Strength,682.2,683.8600959862836
56,Yield Strength,792.9,799.726458520385
57,Yield Strength,536.2,541.0009331372723
58,Yield Strength,547.3,529.2432395922154
59,Yield Strength,1256.6,1242.7329462712453
60,Yield Strength,1446.4,1487.031996487306
61,Yield Strength,1463.8,1471.2000624018283
62,Yield Strength,1027.7,1066.4327955298768
63,Yield Strength,1503.2,1531.3133241636745
64,Yield Strength,1304.7,1314.4383440560039
65,Yield Strength,1403.1,1400.3063250911234
66,Yield Strength,837.9,837.8517098126969
67,Yield Strength,1550.5,1510.123476234492
68,Yield Strength,1530.5,1555.8587210524227
69,Yield Strength,1031.2,1069.1747552774139
70,Yield Strength,691.3,681.7786631850298
71,Yield Strength,1115.4,1106.187340366928
72,Yield Strength,1482.6,1558.2235436660942
73,Yield Strength,841.5,843.4420922542455
74,Yield Strength,1021.7,1010.247748406918
75,Yield Strength,840.0,894.2474386249228
76,Yield Strength,953.2,934.922635228936
77,Yield Strength,1461.3,1389.1288723110613
78,Yield Strength,980.6,994.8570873429536
79,Yield Strength,1252.9,1227.1949856389956
80,Yield Strength,1013.8,1036.515277013728
81,Yield Strength,641.4,617.0879484620261
82,Yield Strength,541.1,551.676884553417
83,Yield Strength,1025.7,985.468271863002
84,Yield Strength,1504.3,1453.986103468888
85,Yield Strength,1028.0,1065.8414871857815
86,Yield Strength,1204.6,1135.6077654827661
87,Yield Strength,688.8,668.0155529553551
88,Yield Strength,1211.4,1257.8680475189853
89,Yield Strength,853.4,841.2677922107962
90,Yield Strength,635.0,596.8054671557422
91,Yield Strength,752.3,758.8545726246729
92,Yield Strength,734.7,731.8663096103401
93,Yield Strength,1401.4,1351.8948778965062
94,Yield Strength,600.8,601.6532799641836
95,Yield Strength,723.9,754.831797317526
96,Yield Strength,596.1,615.6132568250952
97,Yield Strength,702.9,694.9305345170028
98,Yield Strength,1544.6,1583.7426259534786
99,Yield Strength,497.6,504.6513064368129
100,Yield Strength,879.2,841.0490233525699
101,Yield Strength,1490.4,1543.1828408001918
102,Yield Strength,779.3,754.0294497312304
103,Yield Strength,998.8,1056.225489894243
104,Yield Strength,1319.7,1204.7542511578156
105,Yield Strength,1368.9,1400.2597101480028
106,Yield Strength,860.9,892.5735807601293
107,Yield Strength,1411.6,1413.6681024513518
108,Yield Strength,757.2,805.5439191868221
109,Yield Strength,694.6,697.9322177183201
110,Yield Strength,582.2,602.4014776458908
111,Yield Strength,1505.1,1512.0075234895762
112,Yield Strength,643.3,667.8192920488519
113,Yield Strength,537.4,546.4053894900862
114,Yield Strength,849.2,803.2937056116524
115,Yield Strength,1365.5,1395.8077924530223
116,Yield Strength,1216.4,1204.5582595845221
117,Yield Strength,748.3,758.5584001244332
118,Yield Strength,757.2,802.8616855265002
119,Yield Strength,1095.8,1133.6765165117295
120,Yield Strength,508.2,505.6501468881674
121,Yield Strength,523.1,507.66362051735797
122,Yield Strength,486.3,504.62265005986353
123,Yield Strength,1411.6,1415.9714140402605
124,Yield Strength,1510.8,1512.4034104902
125,Yield Strength,1277.0,1199.64559896895
126,Yield Strength,854.2,837.0042693768337
127,Yield Strength,1498.6,1491.8036845965282
128,Yield Strength,601.4,607.9924058242246
129,Yield Strength,1520.8,1495.373796714255
130,Yield Strength,1305.7,1287.8005272959156
131,Yield Strength,931.2,927.0587080634181
132,Yield Strength,494.2,512.584663982246
133,Yield Strength,1618.3,1563.9478243309218
134,Yield Strength,1480.3,1471.4523376362981
135,Yield Strength,735.1,751.7485086447604
136,Yield Strength,1397.0,1409.109063597182
137,Yield Strength,847.9,838.8928752971835
138,Yield Strength,1452.5,1552.2233370466702
139,Yield Strength,1323.9,1328.547634093096
140,Yield Strength,1130.3,1126.2450582353379
141,Yield Strength,550.2,551.0632855181315
142,Yield Strength,679.6,668.694436239515
143,Yield Strength,721.2,750.0614907028968
144,Yield Strength,574.2,605.6980672901697
145,Yield Strength,1664.0,1536.1516925024603
146,Yield Strength,770.1,758.7402080176414
147,Yield Strength,1061.9,1106.4664769815315
148,Yield Strength,721.7,718.8218896444349
149,Yield Strength,1391.3,1408.1936158737947
150,Yield Strength,553.7,554.9587438043535
151,Yield Strength,513.0,523.9291130624231
152,Yield Strength,1117.0,1115.3161888695274
153,Yield Strength,1484.2,1405.148062242328
154,Yield Strength,1687.6,1574.2086907526282
155,Yield Strength,826.3,863.2705715561563
156,Yield Strength,1486.6,1493.506042073088
157,Yield Strength,1460.2,1409.572035896875
158,Yield Strength,944.4,907.625147860062
159,Yield Strength,999.4,1044.076048561747
160,Yield Strength,1585.7,1554.448409866462
161,Yield Strength,1150.6,1116.0604750063558
162,Yield Strength,651.9,619.1154412990212
163,Yield Strength,1265.0,1188.1378186282125
164,Yield Strength,523.2,522.5030255195715
165,Yield Strength,778.8,758.0212448849924
166,Yield Strength,971.7,964.5096195815156
167,Yield Strength,774.7,745.0822524412768
168,Yield Strength,1114.1,1138.0453091250229
169,Yield Strength,970.1,1075.8697684650929
170,Yield Strength,1489.3,1519.8805526571361
171,Yield Strength,975.9,1055.9953098836775
172,Yield Strength,522.6,540.7255288078524
173,Yield Strength,689.2,685.6222575652853
174,Yield Strength,1004.6,997.5170658833337
175,Yield Strength,1015.3,1063.5227763855387
176,Yield Strength,1279.5,1202.2223959394146
177,Yield Strength,548.7,522.5030255195715
178,Yield Strength,509.7,513.7580443245432
179,Yield Strength,1516.0,1403.8108800287862
180,Yield Strength,586.3,578.2968277071124
181,Yield Strength,1379.4,1389.4889877066505
182,Yield Strength,870.8,861.331287000977
183,Yield Strength,557.0,556.4464517233804
184,Yield Strength,1073.7,1030.081124123665
185,Yield Strength,1460.8,1481.3926974501755
186,Yield Strength,740.5,751.7999902116304
187,Yield Strength,636.2,638.1600077855439
188,Yield Strength,1060.7,1063.5196614228892
189,Yield Strength,511.4,551.0632855181315
190,Yield Strength,483.4,504.9753602820972
191,Yield Strength,607.8,594.3022277977915
192,Yield Strength,958.6,1001.1819838330625
193,Yield Strength,625.9,604.803505658822
194,Yield Strength,1403.4,1387.4840769447112
195,Yield Strength,855.8,809.3453016122695
196,Yield Strength,786.8,841.2625739851987
197,Yield Strength,1485.7,1558.1516835327295
198,Yield Strength,1309.1,1325.85347158475
199,Yield Strength,621.6,615.6328279111758
200,Yield Strength,495.8,504.23198189172547
201,Yield Strength,1052.6,1065.8941743995754
202,Yield Strength,735.4,718.1285533469801
203,Yield Strength,558.6,548.0359491475274
204,Yield Strength,559.6,568.1304187496551
205,Yield Strength,563.6,525.8001001068362
206,Yield Strength,1351.5,1414.0247236143089
207,Yield Strength,1241.9,1199.512033892744
208,Yield Strength,1060.0,1061.1702844761346
209,Yield Strength,754.5,802.1196492009888
210,Yield Strength,1427.6,1372.410139060019
211,Yield Strength,1470.6,1421.7104760308134
212,Yield Strength,549.4,513.421109832733
213,Yield Strength,567.0,545.1014818345158
214,Yield Strength,1093.5,1081.0823758842616
215,Yield Strength,1382.8,1387.1874467611103
216,Yield Strength,545.3,559.7679464082896
217,Yield Strength,1394.0,1438.1529713052741
218,Yield Strength,1448.6,1561.3832399086164
219,Yield Strength,638.1,649.5304268909049
220,Yield Strength,554.7,554.8582248842988
1,Elongation,14.4,14.44857003807458
2,Elongation,26.1,24.542488941945724
3,Elongation,23.9,24.80693372017287
4,Elongation,25.7,24.01773382803431
5,Elongation,22.2,21.79822601723691
6,Elongation,12.0,11.266095882115154
7,Elongation,22.4,24.166328087989903
8,Elongation,15.8,14.47928813718012
9,Elongation,23.4,23.032602970652956
10,Elongation,20.4,20.507311554594537
11,Elongation,24.2,22.918268550253618
12,Elongation,9.8,10.451931205952286
13,Elongation,22.0,21.240561832742248
14,Elongation,23.3,24.504613099868184
15,Elongation,23.9,23.775027406208896
16,Elongation,24.8,24.307139316411543
17,Elongation,13.5,12.87951880084049
18,Elongation,18.4,22.42982304407365
19,Elongation,22.3,23.67288945649643
20,Elongation,24.3,25.59919465824276
21,Elongation,16.9,16.79583043075338
22,Elongation,12.6,17.20020672420979
23,Elongation,22.7,23.631742547609488
24,Elongation,23.2,24.01773382803431
25,Elongation,24.8,24.15463480220523
26,Elongation,25.3,24.01896243582511
27,Elongation,11.3,11.978422652443351
28,Elongation,10.8,11.165361878185863
29,Elongation,18.0,17.792497580746943
30,Elongation,11.2,10.96204440020753
31,Elongation,26.2,24.809226293713312
32,Elongation,19.6,19.84076161953978
33,Elongation,15.1,15.054708156810849
34,Elongation,26.8,24.83556114742447
35,Elongation,20.4,19.073294766166754
36,Elongation,18.0,18.74015466692643
37,Elongation,12.3,12.309236301086687
38,Elongation,24.2,24.667899077554065
39,Elongation,26.7,24.21091262561425
40,Elongation,26.4,24.362925947113762
41,Elongation,22.0,24.007380096452177
42,Elongation,20.3,19.73317416264645
43,Elongation,11.5,10.99473393964106
44,Elongation,19.0,18.736198083676044
45,Elongation,18.4,17.21314346167177
46,Elongation,18.2,19.126844102341398
47,Elongation,10.5,10.554071704636803
48,Elongation,16.5,15.119642919726717
49,Elongation,15.9,17.10780333323115
50,Elongation,13.4,12.820968908656797
51,Elongation,20.0,20.300215207051
52,Elongation,22.1,20.775465308786515
53,Elongation,15.0,15.934846789825492
54,Elongation,15.3,13.595819373149938
55,Elongation,23.1,22.131951882756763
56,Elongation,19.7,20.71432503329102
57,Elongation,23.9,24.505723394156966
58,Elongation,23.3,24.74172540643289
59,Elongation,14.5,14.913462364491584
60,Elongation,11.2,11.970657607474077
61,Elongation,13.1,11.983161914372737
62,Elongation,16.8,16.494426904486343
63,Elongation,12.3,10.996178950344119
64,Elongation,13.8,13.503636697886899
65,Elongation,11.5,12.69449517630387
66,Elongation,19.5,19.59186516490573
67,Elongation,10.5,11.255055718460053
68,Elongation,10.5,10.972553166103838
69,Elongation,16.1,16.491256729604192
70,Elongation,21.7,21.87875037747548
71,Elongation,16.5,16.212567475921894
72,Elongation,9.2,10.759537653795718
73,Elongation,20.5,19.869327064155033
74,Elongation,18.6,16.860400032792025
75,Elongation,20.3,18.88302217020479
76,Elongation,18.8,18.821052508558207
77,Elongation,13.1,12.629056522107591
78,Elongation,18.3,17.761706048911726
79,Elongation,16.8,14.77258911852225
80,Elongation,16.9,16.72735015232988
81,Elongation,23.0,23.14733540245632
82,Elongation,22.4,24.688944287955483
83,Elongation,16.9,18.31062373338124
84,Elongation,11.9,11.818661631115857
85,Elongation,15.6,16.672397536479824
86,Elongation,17.1,15.63955353165199
87,Elongation,23.9,22.75908383667224
88,Elongation,14.9,14.427346208714624
89,Elongation,20.7,20.230114926462345
90,Elongation,23.7,24.158985584136605
91,Elongation,22.2,21.00515216381677
92,Elongation,19.3,22.50856281275612
93,Elongation,13.9,13.535236763961215
94,Elongation,19.9,24.11622116481576
95,Elongation,20.8,21.27400336721211
96,Elongation,24.0,23.733529385438775
97,Elongation,22.4,21.487956352797834
98,Elongation,9.9,10.45606445985499
99,Elongation,27.3,24.670459982049785
100,Elongation,21.9,19.72493348656599
101,Elongation,10.4,10.705473703266758
102,Elongation,20.0,21.335015809888457
103,Elongation,16.9,16.740591725908143
104,Elongation,16.5,15.897915244680817
105,Elongation,12.0,13.096178147389509
106,Elongation,18.8,18.817906673367734
107,Elongation,12.3,12.67180148034005
108,Elongation,21.9,20.537774420342753
109,Elongation,20.5,21.696646755674436
110,Elongation,25.8,24.28419376186124
111,Elongation,11.9,11.146349352637788
112,Elongation,25.6,22.740551008351012
113,Elongation,23.6,24.44026101647302
114,Elongation,21.2,20.660682845122828
115,Elongation,13.7,13.161092471884215
116,Elongation,15.5,14.912127114829039
117,Elongation,23.1,21.133225297548492
118,Elongation,20.7,20.881894835919528
119,Elongation,16.9,15.664739962722734
120,Elongation,25.6,24.92503089136375
121,Elongation,23.7,25.20779111618014
122,Elongation,24.7,26.028164907376876
123,Elongation,11.3,12.728851553322121
124,Elongation,11.5,11.831203973955029
125,Elongation,16.6,15.058141657100295
126,Elongation,20.0,19.88516266647272
127,Elongation,12.3,11.858610429844777
128,Elongation,23.4,24.049930329636116
129,Elongation,10.6,11.944998859098131
130,Elongation,14.7,14.02848294769321
131,Elongation,17.1,19.28170113948925
132,Elongation,23.5,24.29049295096652
133,Elongation,11.8,11.186923616842328
134,Elongation,13.5,12.08180364106344
135,Elongation,19.4,21.443779817408434
136,Elongation,13.0,12.847540890880602
137,Elongation,19.9,20.03432955958892
138,Elongation,10.9,10.919477794531858
139,Elongation,13.3,13.404930873137031
140,Elongation,16.1,15.71141435339674
141,Elongation,26.9,24.90359460892624
142,Elongation,22.6,22.3770056523714
143,Elongation,20.4,22.231710548335922
144,Elongation,25.0,23.924139652497107
145,Elongation,11.6,11.204985171021832
146,Elongation,21.6,21.23103621421238
147,Elongation,16.4,15.98521600369788
148,Elongation,22.9,21.41785003495338
149,Elongation,12.1,12.509831344064473
150,Elongation,25.3,23.816663818850596
151,Elongation,24.0,24.28282327331881
152,Elongation,15.5,15.986222610285767
153,Elongation,11.4,12.5939219553867
154,Elongation,9.7,10.51725229753903
155,Elongation,19.8,19.531774899820405
156,Elongation,11.1,11.65077895789005
157,Elongation,12.5,12.975154910152385
158,Elongation,19.7,18.959509563441888
159,Elongation,17.6,16.647629158541676
160,Elongation,10.0,10.979925353591824
161,Elongation,16.4,16.163634992490792
162,Elongation,23.7,23.542125870389988
163,Elongation,14.9,15.245392522382923
164,Elongation,25.5,25.110835132244674
165,Elongation,19.9,21.179403887073278
166,Elongation,16.4,18.71144996893379
167,Elongation,21.8,22.416928743172615
168,Elongation,15.8,15.494448176285678
169,Elongation,14.9,16.822485072385206
170,Elongation,12.5,11.115184961210607
171,Elongation,17.7,16.498343935547982
172,Elongation,24.8,24.53866695045581
173,Elongation,21.4,21.939700779628527
174,Elongation,17.1,17.773130270482365
175,Elongation,17.8,17.015277603928443
176,Elongation,16.2,15.16019029607982
177,Elongation,22.6,24.433493194443365
178,Elongation,26.2,25.49748677593747
179,Elongation,12.8,12.552285803030246
180,Elongation,22.4,24.086629777934554
181,Elongation,13.5,12.91525574497053
182,Elongation,18.2,19.69802883997409
183,Elongation,23.8,24.122587276120235
184,Elongation,19.6,17.60777633061068
185,Elongation,11.4,11.549934199209934
186,Elongation,21.6,22.015115611704502
187,Elongation,22.6,23.198693571487787
188,Elongation,16.2,16.674431757819153
189,Elongation,26.3,24.626136097995612
190,Elongation,24.5,25.20945993600042
191,Elongation,24.7,24.16916126064482
192,Elongation,16.1,17.782263486380977
193,Elongation,24.6,23.739676769724955
194,Elongation,12.1,12.824936478539446
195,Elongation,21.8,20.079075075154055
196,Elongation,19.4,19.674022599124772
197,Elongation,10.3,10.90120709646328
198,Elongation,13.8,13.456940489039258
199,Elongation,25.0,23.531031693142637
200,Elongation,22.6,25.881863190489888
201,Elongation,17.7,16.53504449101186
202,Elongation,22.4,21.580787792853005
203,Elongation,25.2,24.2151373606595
204,Elongation,23.7,24.247500923679986
205,Elongation,24.8,23.89705939840177
206,Elongation,13.4,12.658899617308855
207,Elongation,13.2,15.073331489567273
208,Elongation,17.7,16.876285250944502
209,Elongation,22.6,20.736457679529995
210,Elongation,13.5,13.407820653738101
211,Elongation,11.8,12.189755196582041
212,Elongation,26.7,24.725632642158292
213,Elongation,24.9,24.5932498345033
214,Elongation,15.7,16.99566828969103
215,Elongation,13.0,13.005457938700593
216,Elongation,23.6,24.37687588428171
217,Elongation,10.3,12.253309692652271
218,Elongation,11.5,10.56373792996821
219,Elongation,21.9,22.87821622303868
220,Elongation,24.7,23.82186283158764
1,Reduction of Area,34.4,36.06104006973683
2,Reduction of Area,55.0,54.33072707110714
3,Reduction of Area,53.9,54.33072707110714
4,Reduction of Area,57.7,54.3943769033795
5,Reduction of Area,55.2,51.20019831519106
6,Reduction of Area,27.9,30.669624046822864
7,Reduction of Area,56.4,53.13155292404369
8,Reduction of Area,37.7,36.08564130672251
9,Reduction of Area,52.6,51.91085736761729
10,Reduction of Area,49.3,46.77105758961057
11,Reduction of Area,51.8,51.2563066320049
12,Reduction of Area,26.6,28.74989594829391
13,Reduction of Area,49.9,48.516344323108875
14,Reduction of Area,59.9,54.33072707110714
15,Reduction of Area,52.6,52.170981554312505
16,Reduction of Area,54.4,53.13155292404369
17,Reduction of Area,31.4,31.95477435475298
18,Reduction of Area,52.1,48.574872458808834
19,Reduction of Area,52.9,52.6451140555118
20,Reduction of Area,52.4,55.358315934056144
21,Reduction of Area,39.4,39.34363282691504
22,Reduction of Area,42.0,40.59555230151776
23,Reduction of Area,51.1,53.13155292404369
24,Reduction of Area,53.9,54.3943769033795
25,Reduction of Area,51.9,53.81341388663272
26,Reduction of Area,51.1,53.81341388663272
27,Reduction of Area,32.0,31.683758391796083
28,Reduction of Area,27.3,29.82726062968569
29,Reduction of Area,39.3,41.45466013800569
30,Reduction of Area,29.1,28.76824675822988
31,Reduction of Area,55.3,54.3943769033795
32,Reduction of Area,52.3,46.83491734361199
33,Reduction of Area,36.5,36.87338660265121
34,Reduction of Area,58.3,54.771420109876644
35,Reduction of Area,45.6,44.42700256086465
36,Reduction of Area,46.6,43.58160669081106
37,Reduction of Area,32.9,31.869429546148563
38,Reduction of Area,52.7,54.33072707110714
39,Reduction of Area,50.2,53.81341388663272
40,Reduction of Area,55.7,53.13155292404369
41,Reduction of Area,49.5,53.13155292404369
42,Reduction of Area,46.7,46.35556204309758
43,Reduction of Area,27.3,29.00890138671057
44,Reduction of Area,43.3,43.56325588087509
45,Reduction of Area,40.4,40.59555230151776
46,Reduction of Area,45.6,44.440889969051135
47,Reduction of Area,26.9,28.680416147698583
48,Reduction of Area,37.5,36.342586104632716
49,Reduction of Area,40.3,40.59555230151776
50,Reduction of Area,29.8,31.82392060208312
51,Reduction of Area,42.1,46.83491734361199
52,Reduction of Area,47.8,46.23353782405011
53,Reduction of Area,40.1,38.87192986677101
54,Reduction of Area,33.8,35.80534867203123
55,Reduction of Area,53.2,50.6076105399008
56,Reduction of Area,49.5,46.83491734361199
57,Reduction of Area,52.2,54.33072707110714
58,Reduction of Area,52.4,54.33072707110714
59,Reduction of Area,34.2,36.0793908796728
60,Reduction of Area,32.5,30.68797485675883
61,Reduction of Area,29.7,31.683758391796083
62,Reduction of Area,42.4,39.69150093070729
63,Reduction of Area,28.2,30.624115102757422
64,Reduction of Area,33.2,34.06284936193751
65,Reduction of Area,31.2,31.869429546148563
66,Reduction of Area,45.4,46.283510169865046
67,Reduction of Area,28.3,30.669624046822864
68,Reduction of Area,29.2,28.76824675822988
69,Reduction of Area,42.7,39.36198363685101
70,Reduction of Area,48.2,51.38181815216023
71,Reduction of Area,39.6,39.36198363685101
72,Reduction of Area,27.8,28.74989594829391
73,Reduction of Area,43.6,46.283510169865046
74,Reduction of Area,39.9,39.96217387891379
75,Reduction of Area,44.6,44.962220873739675
76,Reduction of Area,40.0,44.44535337080062
77,Reduction of Area,31.4,31.844828309162892
78,Reduction of Area,43.0,41.45466013800569
79,Reduction of Area,35.1,36.342586104632716
80,Reduction of Area,41.5,39.62289299180719
81,Reduction of Area,48.4,52.21387394775637
82,Reduction of Area,55.7,54.33072707110714
83,Reduction of Area,41.4,43.655992031264624
84,Reduction of Area,32.1,31.659157154810412
85,Reduction of Area,39.1,39.43862126488069
86,Reduction of Area,38.3,39.36198363685101
87,Reduction of Area,51.7,51.32016638600632
88,Reduction of Area,34.6,35.99718031573541
89,Reduction of Area,47.3,46.83491734361199
90,Reduction of Area,52.8,53.13155292404369
91,Reduction of Area,48.8,46.83491734361199
92,Reduction of Area,51.5,49.01274988068309
93,Reduction of Area,33.5,34.04449855200154
94,Reduction of Area,50.0,52.677603514674935
95,Reduction of Area,49.7,46.83491734361199
96,Reduction of Area,53.8,53.35946447726397
97,Reduction of Area,58.7,50.6076105399008
98,Reduction of Area,30.8,28.680416147698583
99,Reduction of Area,48.9,55.665437792804504
100,Reduction of Area,44.4,46.283510169865046
101,Reduction of Area,28.4,28.76824675822988
102,Reduction of Area,48.8,47.70466579851037
103,Reduction of Area,39.9,40.06286825785705
104,Reduction of Area,36.0,36.81678517766919
105,Reduction of Area,32.8,31.88778035608453
106,Reduction of Area,46.9,44.44535337080062
107,Reduction of Area,32.9,31.88778035608453
108,Reduction of Area,42.2,46.283510169865046
109,Reduction of Area,54.9,49.89082333436102
110,Reduction of Area,49.1,52.6451140555118
111,Reduction of Area,30.1,29.17083284314129
112,Reduction of Area,50.4,51.32016638600632
113,Reduction of Area,53.4,54.33072707110714
114,Reduction of Area,46.5,46.83491734361199
115,Reduction of Area,31.6,33.08754196363537
116,Reduction of Area,35.7,36.87338660265121
117,Reduction of Area,44.1,46.83491734361199
118,Reduction of Area,47.8,47.843073889655116
119,Reduction of Area,39.3,39.36198363685101
120,Reduction of Area,64.3,55.14542184102345
121,Reduction of Area,51.8,55.358315934056144
122,Reduction of Area,49.1,55.358315934056144
123,Reduction of Area,32.2,31.88778035608453
124,Reduction of Area,30.7,30.669624046822864
125,Reduction of Area,37.7,36.36093691456868
126,Reduction of Area,40.9,46.83491734361199
127,Reduction of Area,30.3,30.68797485675883
128,Reduction of Area,48.9,52.677603514674935
129,Reduction of Area,30.2,30.645022809837194
130,Reduction of Area,34.2,35.780747435045555
131,Reduction of Area,44.5,44.42700256086465
132,Reduction of Area,58.7,54.33072707110714
133,Reduction of Area,29.0,29.00890138671057
134,Reduction of Area,31.2,31.665407581860116
135,Reduction of Area,46.9,47.70466579851037
136,Reduction of Area,31.7,31.88778035608453
137,Reduction of Area,45.1,46.32307258393444
138,Reduction of Area,27.8,28.9843001497249
139,Reduction of Area,34.5,34.06284936193751
140,Reduction of Area,38.2,39.36198363685101
141,Reduction of Area,55.5,54.33072707110714
142,Reduction of Area,47.6,51.37259425985865
143,Reduction of Area,45.1,49.01274988068309
144,Reduction of Area,49.7,52.677603514674935
145,Reduction of Area,28.5,30.669624046822864
146,Reduction of Area,50.0,46.83491734361199
147,Reduction of Area,40.0,39.36198363685101
148,Reduction of Area,51.6,48.453929609192414
149,Reduction of Area,31.6,31.869429546148563
150,Reduction of Area,49.9,54.117832978074446
151,Reduction of Area,55.4,54.3943769033795
152,Reduction of Area,38.6,39.34363282691504
153,Reduction of Area,34.3,31.869429546148563
154,Reduction of Area,27.7,28.680416147698583
155,Reduction of Area,45.8,45.539000466346096
156,Reduction of Area,28.1,30.66337361977316
157,Reduction of Area,33.4,31.88778035608453
158,Reduction of Area,44.4,44.42700256086465
159,Reduction of Area,40.7,39.64400548362756
160,Reduction of Area,26.7,28.680416147698583
161,Reduction of Area,41.7,39.34363282691504
162,Reduction of Area,54.4,51.84890440186292
163,Reduction of Area,37.3,36.36093691456868
164,Reduction of Area,50.3,54.121311099867356
165,Reduction of Area,54.1,47.46454178329581
166,Reduction of Area,43.0,43.655992031264624
167,Reduction of Area,49.7,48.91640066751853
168,Reduction of Area,39.6,38.93578962077243
169,Reduction of Area,38.5,40.32474963212124
170,Reduction of Area,29.6,29.17083284314129
171,Reduction of Area,41.3,39.70985174064326
172,Reduction of Area,56.3,54.33072707110714
173,Reduction of Area,50.5,51.38181815216023
174,Reduction of Area,44.3,42.929877458271115
175,Reduction of Area,38.3,40.59555230151776
176,Reduction of Area,38.0,36.36093691456868
177,Reduction of Area,56.5,54.121311099867356
178,Reduction of Area,53.0,54.27782893857198
179,Reduction of Area,33.3,31.86317911909886
180,Reduction of Area,49.2,53.81341388663272
181,Reduction of Area,30.6,31.89091460075157
182,Reduction of Area,48.9,46.713338914347325
183,Reduction of Area,53.4,53.13155292404369
184,Reduction of Area,42.0,41.011817478258095
185,Reduction of Area,33.0,30.66337361977316
186,Reduction of Area,45.7,48.638732212810254
187,Reduction of Area,53.3,52.34209747537272
188,Reduction of Area,40.7,39.34363282691504
189,Reduction of Area,58.1,54.33072707110714
190,Reduction of Area,56.6,54.53612862881304
191,Reduction of Area,52.1,53.60399791539294
192,Reduction of Area,40.2,41.45466013800569
193,Reduction of Area,55.4,52.24636340691951
194,Reduction of Area,30.6,31.95477435475298
195,Reduction of Area,45.8,48.29725357380063
196,Reduction of Area,42.7,46.35556204309758
197,Reduction of Area,27.7,28.9843001497249
198,Reduction of Area,32.8,35.823699481967196
199,Reduction of Area,57.3,52.677603514674935
200,Reduction of Area,51.2,55.07550049327467
201,Reduction of Area,35.6,39.62565467369159
202,Reduction of Area,55.7,48.453929609192414
203,Reduction of Area,52.8,54.33072707110714
204,Reduction of Area,51.0,53.13155292404369
205,Reduction of Area,52.4,54.33072707110714
206,Reduction of Area,30.2,31.88778035608453
207,Reduction of Area,36.6,36.36093691456868
208,Reduction of Area,38.1,40.17130917626043
209,Reduction of Area,44.9,46.83491734361199
210,Reduction of Area,33.1,33.32303831137049
211,Reduction of Area,29.4,31.869429546148563
212,Reduction of Area,53.0,54.33072707110714
213,Reduction of Area,56.9,54.33072707110714
214,Reduction of Area,38.2,40.22966466378286
215,Reduction of Area,31.3,31.95477435475298
216,Reduction of Area,58.7,53.76020039650464
217,Reduction of Area,33.7,31.844828309162892
218,Reduction of Area,27.5,28.680416147698583
219,Reduction of Area,54.4,52.208063356739935
220,Reduction of Area,58.0,53.13155292404369
